event,clip,class,segment_start_s,user_onset_s,window_end_s,model,score_threshold,first_hit_s,first_location_repeat_s,repeat_delay_from_user_marker_s,pre_marker_hit_frames,applicable
battery_pit_flame,CI6YpclCYA4,flame,0,6,19,dfire_yolov8n,0.25,6,7,1,3,1
battery_pit_flame,CI6YpclCYA4,flame,0,6,19,dfire_yolov8n,0.5,,,,0,1
battery_pit_flame,CI6YpclCYA4,flame,0,6,19,dfine,0.25,14,,,0,1
battery_pit_flame,CI6YpclCYA4,flame,0,6,19,dfine,0.5,,,,0,1
battery_pit_flame,CI6YpclCYA4,flame,0,6,19,yolo,0.25,9,10,4,0,1
battery_pit_flame,CI6YpclCYA4,flame,0,6,19,yolo,0.5,10,14,8,0,1
battery_pit_flame,CI6YpclCYA4,flame,0,6,19,soul,0.25,6,7,1,6,1
battery_pit_flame,CI6YpclCYA4,flame,0,6,19,soul,0.5,7,8,2,6,1
battery_pit_flame,CI6YpclCYA4,flame,0,6,19,pyronear,0.25,,,,,0
battery_pit_flame,CI6YpclCYA4,flame,0,6,19,pyronear,0.5,,,,,0
recycling_smoke,WsUjSE-ibKo,smoke,0,2,93,dfire_yolov8n,0.25,7,8,6,0,1
recycling_smoke,WsUjSE-ibKo,smoke,0,2,93,dfire_yolov8n,0.5,8,9,7,0,1
recycling_smoke,WsUjSE-ibKo,smoke,0,2,93,dfine,0.25,6,7,5,0,1
recycling_smoke,WsUjSE-ibKo,smoke,0,2,93,dfine,0.5,6,7,5,0,1
recycling_smoke,WsUjSE-ibKo,smoke,0,2,93,yolo,0.25,10,11,9,0,1
recycling_smoke,WsUjSE-ibKo,smoke,0,2,93,yolo,0.5,10,11,9,0,1
recycling_smoke,WsUjSE-ibKo,smoke,0,2,93,soul,0.25,,,,,0
recycling_smoke,WsUjSE-ibKo,smoke,0,2,93,soul,0.5,,,,,0
recycling_smoke,WsUjSE-ibKo,smoke,0,2,93,pyronear,0.25,66,,,0,1
recycling_smoke,WsUjSE-ibKo,smoke,0,2,93,pyronear,0.5,,,,0,1
recycling_flame,WsUjSE-ibKo,flame,0,10,30,dfire_yolov8n,0.25,10,11,1,5,1
recycling_flame,WsUjSE-ibKo,flame,0,10,30,dfire_yolov8n,0.5,10,11,1,2,1
recycling_flame,WsUjSE-ibKo,flame,0,10,30,dfine,0.25,10,11,1,5,1
recycling_flame,WsUjSE-ibKo,flame,0,10,30,dfine,0.5,10,11,1,0,1
recycling_flame,WsUjSE-ibKo,flame,0,10,30,yolo,0.25,10,11,1,1,1
recycling_flame,WsUjSE-ibKo,flame,0,10,30,yolo,0.5,10,11,1,0,1
recycling_flame,WsUjSE-ibKo,flame,0,10,30,soul,0.25,11,12,2,8,1
recycling_flame,WsUjSE-ibKo,flame,0,10,30,soul,0.5,11,12,2,1,1
recycling_flame,WsUjSE-ibKo,flame,0,10,30,pyronear,0.25,,,,,0
recycling_flame,WsUjSE-ibKo,flame,0,10,30,pyronear,0.5,,,,,0
waste_pit_angle1_flame,5NAkyEmC0IU,flame,0,2,52,dfire_yolov8n,0.25,6,7,5,0,1
waste_pit_angle1_flame,5NAkyEmC0IU,flame,0,2,52,dfire_yolov8n,0.5,12,13,11,0,1
waste_pit_angle1_flame,5NAkyEmC0IU,flame,0,2,52,dfine,0.25,5,6,4,2,1
waste_pit_angle1_flame,5NAkyEmC0IU,flame,0,2,52,dfine,0.5,6,13,11,0,1
waste_pit_angle1_flame,5NAkyEmC0IU,flame,0,2,52,yolo,0.25,6,7,5,0,1
waste_pit_angle1_flame,5NAkyEmC0IU,flame,0,2,52,yolo,0.5,12,13,11,0,1
waste_pit_angle1_flame,5NAkyEmC0IU,flame,0,2,52,soul,0.25,12,13,11,0,1
waste_pit_angle1_flame,5NAkyEmC0IU,flame,0,2,52,soul,0.5,14,15,13,0,1
waste_pit_angle1_flame,5NAkyEmC0IU,flame,0,2,52,pyronear,0.25,,,,,0
waste_pit_angle1_flame,5NAkyEmC0IU,flame,0,2,52,pyronear,0.5,,,,,0
waste_pit_angle1_smoke,5NAkyEmC0IU,smoke,0,10,52,dfire_yolov8n,0.25,13,15,5,0,1
waste_pit_angle1_smoke,5NAkyEmC0IU,smoke,0,10,52,dfire_yolov8n,0.5,15,,,0,1
waste_pit_angle1_smoke,5NAkyEmC0IU,smoke,0,10,52,dfine,0.25,13,14,4,3,1
waste_pit_angle1_smoke,5NAkyEmC0IU,smoke,0,10,52,dfine,0.5,14,15,5,0,1
waste_pit_angle1_smoke,5NAkyEmC0IU,smoke,0,10,52,yolo,0.25,12,13,3,0,1
waste_pit_angle1_smoke,5NAkyEmC0IU,smoke,0,10,52,yolo,0.5,13,,,0,1
waste_pit_angle1_smoke,5NAkyEmC0IU,smoke,0,10,52,soul,0.25,,,,,0
waste_pit_angle1_smoke,5NAkyEmC0IU,smoke,0,10,52,soul,0.5,,,,,0
waste_pit_angle1_smoke,5NAkyEmC0IU,smoke,0,10,52,pyronear,0.25,,,,0,1
waste_pit_angle1_smoke,5NAkyEmC0IU,smoke,0,10,52,pyronear,0.5,,,,0,1
waste_pit_angle2_flame,5NAkyEmC0IU,flame,53,59,102,dfire_yolov8n,0.25,59,60,1,1,1
waste_pit_angle2_flame,5NAkyEmC0IU,flame,53,59,102,dfire_yolov8n,0.5,59,60,1,0,1
waste_pit_angle2_flame,5NAkyEmC0IU,flame,53,59,102,dfine,0.25,59,60,1,4,1
waste_pit_angle2_flame,5NAkyEmC0IU,flame,53,59,102,dfine,0.5,59,60,1,4,1
waste_pit_angle2_flame,5NAkyEmC0IU,flame,53,59,102,yolo,0.25,59,60,1,3,1
waste_pit_angle2_flame,5NAkyEmC0IU,flame,53,59,102,yolo,0.5,60,70,11,0,1
waste_pit_angle2_flame,5NAkyEmC0IU,flame,53,59,102,soul,0.25,64,65,6,0,1
waste_pit_angle2_flame,5NAkyEmC0IU,flame,53,59,102,soul,0.5,64,65,6,0,1
waste_pit_angle2_flame,5NAkyEmC0IU,flame,53,59,102,pyronear,0.25,,,,,0
waste_pit_angle2_flame,5NAkyEmC0IU,flame,53,59,102,pyronear,0.5,,,,,0
waste_pit_angle2_smoke,5NAkyEmC0IU,smoke,53,61,102,dfire_yolov8n,0.25,67,78,17,0,1
waste_pit_angle2_smoke,5NAkyEmC0IU,smoke,53,61,102,dfire_yolov8n,0.5,77,78,17,0,1
waste_pit_angle2_smoke,5NAkyEmC0IU,smoke,53,61,102,dfine,0.25,62,63,2,3,1
waste_pit_angle2_smoke,5NAkyEmC0IU,smoke,53,61,102,dfine,0.5,62,,,1,1
waste_pit_angle2_smoke,5NAkyEmC0IU,smoke,53,61,102,yolo,0.25,72,98,37,1,1
waste_pit_angle2_smoke,5NAkyEmC0IU,smoke,53,61,102,yolo,0.5,,,,0,1
waste_pit_angle2_smoke,5NAkyEmC0IU,smoke,53,61,102,soul,0.25,,,,,0
waste_pit_angle2_smoke,5NAkyEmC0IU,smoke,53,61,102,soul,0.5,,,,,0
waste_pit_angle2_smoke,5NAkyEmC0IU,smoke,53,61,102,pyronear,0.25,,,,0,1
waste_pit_angle2_smoke,5NAkyEmC0IU,smoke,53,61,102,pyronear,0.5,,,,0,1
