filter,class_name,rule,model_angle1,model_angle2,shared_clock_s,angle1_source_s,angle2_source_s,pair_gap_s
whole_frame,flame,first_hit,dfire_yolov8n,,6.0,6,,
whole_frame,flame,same_view_repeat,dfire_yolov8n,,7.0,7,,
whole_frame,flame,first_hit,,dfire_yolov8n,5.0,,58,
whole_frame,flame,same_view_repeat,,dfire_yolov8n,7.0,,59,
whole_frame,flame,first_hit,dfine,,5.0,5,,
whole_frame,flame,same_view_repeat,dfine,,6.0,6,,
whole_frame,flame,first_hit,,dfine,1.0,,56,
whole_frame,flame,same_view_repeat,,dfine,3.0,,57,
whole_frame,flame,first_hit,yolo,,6.0,6,,
whole_frame,flame,same_view_repeat,yolo,,7.0,7,,
whole_frame,flame,first_hit,,yolo,1.0,,56,
whole_frame,flame,same_view_repeat,,yolo,3.0,,57,
whole_frame,flame,same_image_model_agreement,dfire_yolov8n+dfine,,6.0,6,,
whole_frame,flame,same_image_model_agreement,,dfire_yolov8n+dfine,5.0,,58,
whole_frame,flame,same_image_model_agreement,dfire_yolov8n+yolo,,6.0,6,,
whole_frame,flame,same_image_model_agreement,,dfire_yolov8n+yolo,7.0,,59,
whole_frame,flame,same_image_model_agreement,dfine+yolo,,6.0,6,,
whole_frame,flame,same_image_model_agreement,,dfine+yolo,1.0,,56,
whole_frame,flame,same_image_three_model_agreement,dfine+dfire_yolov8n+yolo,,6.0,6,,
whole_frame,flame,same_image_three_model_agreement,,dfine+dfire_yolov8n+yolo,7.0,,59,
whole_frame,flame,cross_view_match,dfire_yolov8n,dfire_yolov8n,6,6,58,1.0
whole_frame,flame,cross_view_match,dfine,dfine,5,5,58,0.0
whole_frame,flame,cross_view_match,yolo,yolo,7,7,59,0.0
whole_frame,flame,cross_view_match,dfire_yolov8n,dfine,6,6,58,1.0
whole_frame,flame,cross_view_match,dfire_yolov8n,yolo,7,7,59,0.0
whole_frame,flame,cross_view_match,dfine,dfire_yolov8n,5,5,58,0.0
whole_frame,flame,cross_view_match,dfine,yolo,7,7,59,0.0
whole_frame,flame,cross_view_match,yolo,dfire_yolov8n,6,6,58,1.0
whole_frame,flame,cross_view_match,yolo,dfine,6,6,58,1.0
whole_frame,smoke,first_hit,dfire_yolov8n,,13.0,13,,
whole_frame,smoke,same_view_repeat,dfire_yolov8n,,15.0,15,,
whole_frame,smoke,first_hit,,dfire_yolov8n,23.0,,67,
whole_frame,smoke,same_view_repeat,,dfire_yolov8n,45.0,,78,
whole_frame,smoke,first_hit,dfine,,2.0,2,,
whole_frame,smoke,same_view_repeat,dfine,,14.0,14,,
whole_frame,smoke,first_hit,,dfine,9.0,,60,
whole_frame,smoke,same_view_repeat,,dfine,15.0,,63,
whole_frame,smoke,first_hit,yolo,,12.0,12,,
whole_frame,smoke,same_view_repeat,yolo,,13.0,13,,
whole_frame,smoke,first_hit,,yolo,33.0,,72,
whole_frame,smoke,same_image_model_agreement,dfire_yolov8n+dfine,,13.0,13,,
whole_frame,smoke,same_image_model_agreement,,dfire_yolov8n+dfine,33.0,,72,
whole_frame,smoke,same_image_model_agreement,dfire_yolov8n+yolo,,13.0,13,,
whole_frame,smoke,same_image_model_agreement,,dfire_yolov8n+yolo,33.0,,72,
whole_frame,smoke,same_image_model_agreement,dfine+yolo,,13.0,13,,
whole_frame,smoke,same_image_model_agreement,,dfine+yolo,33.0,,72,
whole_frame,smoke,same_image_three_model_agreement,dfine+dfire_yolov8n+yolo,,13.0,13,,
whole_frame,smoke,same_image_three_model_agreement,,dfine+dfire_yolov8n+yolo,33.0,,72,
whole_frame,smoke,cross_view_match,dfire_yolov8n,dfire_yolov8n,33,33,72,0.0
whole_frame,smoke,cross_view_match,dfine,dfine,13,13,62,0.0
whole_frame,smoke,cross_view_match,yolo,yolo,33.0,32,72,1.0
whole_frame,smoke,cross_view_match,dfire_yolov8n,dfine,13,13,62,0.0
whole_frame,smoke,cross_view_match,dfire_yolov8n,yolo,33,33,72,0.0
whole_frame,smoke,cross_view_match,dfine,dfire_yolov8n,24,24,67,1.0
whole_frame,smoke,cross_view_match,dfine,yolo,33,33,72,0.0
whole_frame,smoke,cross_view_match,yolo,dfire_yolov8n,33.0,32,72,1.0
whole_frame,smoke,cross_view_match,yolo,dfine,13,13,62,0.0
reviewed_zone,flame,first_hit,dfire_yolov8n,,6.0,6,,
reviewed_zone,flame,same_view_repeat,dfire_yolov8n,,7.0,7,,
reviewed_zone,flame,first_hit,,dfire_yolov8n,5.0,,58,
reviewed_zone,flame,same_view_repeat,,dfire_yolov8n,7.0,,59,
reviewed_zone,flame,first_hit,dfine,,5.0,5,,
reviewed_zone,flame,same_view_repeat,dfine,,6.0,6,,
reviewed_zone,flame,first_hit,,dfine,5.0,,58,
reviewed_zone,flame,same_view_repeat,,dfine,7.0,,59,
reviewed_zone,flame,first_hit,yolo,,6.0,6,,
reviewed_zone,flame,same_view_repeat,yolo,,7.0,7,,
reviewed_zone,flame,first_hit,,yolo,7.0,,59,
reviewed_zone,flame,same_view_repeat,,yolo,9.0,,60,
reviewed_zone,flame,same_image_model_agreement,dfire_yolov8n+dfine,,6.0,6,,
reviewed_zone,flame,same_image_model_agreement,,dfire_yolov8n+dfine,5.0,,58,
reviewed_zone,flame,same_image_model_agreement,dfire_yolov8n+yolo,,6.0,6,,
reviewed_zone,flame,same_image_model_agreement,,dfire_yolov8n+yolo,7.0,,59,
reviewed_zone,flame,same_image_model_agreement,dfine+yolo,,6.0,6,,
reviewed_zone,flame,same_image_model_agreement,,dfine+yolo,7.0,,59,
reviewed_zone,flame,same_image_three_model_agreement,dfine+dfire_yolov8n+yolo,,6.0,6,,
reviewed_zone,flame,same_image_three_model_agreement,,dfine+dfire_yolov8n+yolo,7.0,,59,
reviewed_zone,flame,cross_view_match,dfire_yolov8n,dfire_yolov8n,6,6,58,1.0
reviewed_zone,flame,cross_view_match,dfine,dfine,5,5,58,0.0
reviewed_zone,flame,cross_view_match,yolo,yolo,7,7,59,0.0
reviewed_zone,flame,cross_view_match,dfire_yolov8n,dfine,6,6,58,1.0
reviewed_zone,flame,cross_view_match,dfire_yolov8n,yolo,7,7,59,0.0
reviewed_zone,flame,cross_view_match,dfine,dfire_yolov8n,5,5,58,0.0
reviewed_zone,flame,cross_view_match,dfine,yolo,7,7,59,0.0
reviewed_zone,flame,cross_view_match,yolo,dfire_yolov8n,6,6,58,1.0
reviewed_zone,flame,cross_view_match,yolo,dfine,6,6,58,1.0
reviewed_zone,smoke,first_hit,dfire_yolov8n,,13.0,13,,
reviewed_zone,smoke,same_view_repeat,dfire_yolov8n,,15.0,15,,
reviewed_zone,smoke,first_hit,,dfire_yolov8n,33.0,,72,
reviewed_zone,smoke,first_hit,dfine,,13.0,13,,
reviewed_zone,smoke,same_view_repeat,dfine,,14.0,14,,
reviewed_zone,smoke,first_hit,,dfine,13.0,,62,
reviewed_zone,smoke,same_view_repeat,,dfine,15.0,,63,
reviewed_zone,smoke,first_hit,yolo,,12.0,12,,
reviewed_zone,smoke,same_view_repeat,yolo,,13.0,13,,
reviewed_zone,smoke,first_hit,,yolo,33.0,,72,
reviewed_zone,smoke,same_image_model_agreement,dfire_yolov8n+dfine,,13.0,13,,
reviewed_zone,smoke,same_image_model_agreement,,dfire_yolov8n+dfine,33.0,,72,
reviewed_zone,smoke,same_image_model_agreement,dfire_yolov8n+yolo,,13.0,13,,
reviewed_zone,smoke,same_image_model_agreement,,dfire_yolov8n+yolo,33.0,,72,
reviewed_zone,smoke,same_image_model_agreement,dfine+yolo,,13.0,13,,
reviewed_zone,smoke,same_image_model_agreement,,dfine+yolo,33.0,,72,
reviewed_zone,smoke,same_image_three_model_agreement,dfine+dfire_yolov8n+yolo,,13.0,13,,
reviewed_zone,smoke,same_image_three_model_agreement,,dfine+dfire_yolov8n+yolo,33.0,,72,
reviewed_zone,smoke,cross_view_match,dfine,dfine,13,13,62,0.0
reviewed_zone,smoke,cross_view_match,dfire_yolov8n,dfine,13,13,62,0.0
reviewed_zone,smoke,cross_view_match,yolo,dfine,13,13,62,0.0
