box_filter,class,model,angle1_first_hit_source_s,angle1_first_repeat_source_s,angle2_first_hit_source_s,angle2_first_repeat_source_s
whole_frame,flame,dfire_yolov8n,6,7,58,59
whole_frame,flame,dfine,5,6,56,57
whole_frame,flame,yolo,6,7,56,57
whole_frame,smoke,dfire_yolov8n,13,15,67,78
whole_frame,smoke,dfine,2,14,60,63
whole_frame,smoke,yolo,12,13,72,98
fire_area,flame,dfire_yolov8n,6,7,58,59
fire_area,flame,dfine,5,6,58,59
fire_area,flame,yolo,6,7,59,60
fire_area,smoke,dfire_yolov8n,13,15,72,
fire_area,smoke,dfine,13,14,62,63
fire_area,smoke,yolo,12,13,72,98
