clip,segment,window_start_s,window_end_s,frames,detector_hit_frames,candidate_tubes,kept_tubes,max_tube_probability,smoke_decision,detector_ms_clip,temporal_ms_window
CI6YpclCYA4,battery_fire,0,19,20,13,1,1,0.9364151849366847,1,4024.8,1388.4
WsUjSE-ibKo,recycling,0,19,20,2,1,1,0.6406317139583765,1,30496.1,1557.5
WsUjSE-ibKo,recycling,10,29,20,4,2,1,0.886554298910943,1,30496.1,979.7
WsUjSE-ibKo,recycling,20,39,20,2,2,0,0.0,0,30496.1,0.2
WsUjSE-ibKo,recycling,30,49,20,0,0,0,0.0,0,30496.1,0.1
WsUjSE-ibKo,recycling,40,59,20,0,0,0,0.0,0,30496.1,0.1
WsUjSE-ibKo,recycling,50,69,20,0,0,0,0.0,0,30496.1,0.1
WsUjSE-ibKo,recycling,60,79,20,0,0,0,0.0,0,30496.1,0.1
WsUjSE-ibKo,recycling,70,89,20,0,0,0,0.0,0,30496.1,0.1
WsUjSE-ibKo,recycling,74,93,20,0,0,0,0.0,0,30496.1,0.2
5NAkyEmC0IU,angle1,0,19,20,0,0,0,0.0,0,14809.2,0.3
5NAkyEmC0IU,angle1,10,29,20,0,0,0,0.0,0,14809.2,0.2
5NAkyEmC0IU,angle1,20,39,20,2,1,1,0.28433133442216235,0,14809.2,1354.4
5NAkyEmC0IU,angle1,30,49,20,8,2,1,0.6688835424751198,1,14809.2,1209.4
5NAkyEmC0IU,angle1,33,52,20,8,2,1,0.7924540605503944,1,14809.2,1064.9
5NAkyEmC0IU,angle2,53,72,20,1,1,0,0.0,0,14809.2,0.1
5NAkyEmC0IU,angle2,63,82,20,1,1,0,0.0,0,14809.2,0.1
5NAkyEmC0IU,angle2,73,92,20,0,0,0,0.0,0,14809.2,0.2
5NAkyEmC0IU,angle2,83,102,20,0,0,0,0.0,0,14809.2,0.1
K3ML54RtbAo,screen_recording,0,19,20,0,0,0,0.0,0,6847.8,3.6
K3ML54RtbAo,screen_recording,10,29,20,2,1,1,0.14490042022317715,0,6847.8,1294.5
K3ML54RtbAo,screen_recording,19,38,20,7,1,1,0.6052464546234045,1,6847.8,1119.3
wm22sUiq9fE,screen_recording,0,19,20,0,0,0,0.0,0,4562.7,0.2
wm22sUiq9fE,screen_recording,7,26,20,0,0,0,0.0,0,4562.7,0.1
