clip,time_s,detections
CI6YpclCYA4,0,"[{""class_id"": 0, ""cx"": 0.604422926902771, ""cy"": 0.9492302536964417, ""w"": 0.034819647669792175, ""h"": 0.09791149199008942, ""confidence"": 0.17749668657779694}]"
CI6YpclCYA4,1,[]
CI6YpclCYA4,2,"[{""class_id"": 0, ""cx"": 0.6044100522994995, ""cy"": 0.9488760828971863, ""w"": 0.03508615866303444, ""h"": 0.09889670461416245, ""confidence"": 0.15888971090316772}]"
CI6YpclCYA4,3,"[{""class_id"": 0, ""cx"": 0.604432225227356, ""cy"": 0.9485885500907898, ""w"": 0.03521278128027916, ""h"": 0.09948544204235077, ""confidence"": 0.25352743268013}]"
CI6YpclCYA4,4,"[{""class_id"": 0, ""cx"": 0.6042576432228088, ""cy"": 0.9487572312355042, ""w"": 0.035168323665857315, ""h"": 0.09964744001626968, ""confidence"": 0.21854457259178162}]"
CI6YpclCYA4,5,"[{""class_id"": 0, ""cx"": 0.6043431162834167, ""cy"": 0.9484301805496216, ""w"": 0.03514350578188896, ""h"": 0.09997651726007462, ""confidence"": 0.3014470934867859}]"
CI6YpclCYA4,6,"[{""class_id"": 0, ""cx"": 0.6041988730430603, ""cy"": 0.9484509229660034, ""w"": 0.03607666492462158, ""h"": 0.10045234113931656, ""confidence"": 0.1723048985004425}]"
CI6YpclCYA4,7,[]
CI6YpclCYA4,8,[]
CI6YpclCYA4,9,"[{""class_id"": 0, ""cx"": 0.6046828627586365, ""cy"": 0.9509947299957275, ""w"": 0.035835638642311096, ""h"": 0.0953536108136177, ""confidence"": 0.4771336019039154}]"
CI6YpclCYA4,10,"[{""class_id"": 0, ""cx"": 0.6042807102203369, ""cy"": 0.9510486125946045, ""w"": 0.03409886732697487, ""h"": 0.09148263186216354, ""confidence"": 0.5002732276916504}]"
CI6YpclCYA4,11,"[{""class_id"": 0, ""cx"": 0.6044387221336365, ""cy"": 0.9485850930213928, ""w"": 0.035530462861061096, ""h"": 0.09967108815908432, ""confidence"": 0.20408819615840912}]"
CI6YpclCYA4,12,"[{""class_id"": 0, ""cx"": 0.60439532995224, ""cy"": 0.9480322003364563, ""w"": 0.03617449104785919, ""h"": 0.10096198320388794, ""confidence"": 0.13321995735168457}]"
CI6YpclCYA4,13,"[{""class_id"": 0, ""cx"": 0.604406476020813, ""cy"": 0.9485158324241638, ""w"": 0.03693556413054466, ""h"": 0.10138829797506332, ""confidence"": 0.21053557097911835}]"
CI6YpclCYA4,14,"[{""class_id"": 0, ""cx"": 0.6039965152740479, ""cy"": 0.9484367966651917, ""w"": 0.03746854513883591, ""h"": 0.10158970952033997, ""confidence"": 0.3613896369934082}]"
CI6YpclCYA4,15,"[{""class_id"": 0, ""cx"": 0.603916347026825, ""cy"": 0.9485853314399719, ""w"": 0.03777012601494789, ""h"": 0.10168863832950592, ""confidence"": 0.6094884276390076}]"
CI6YpclCYA4,16,[]
CI6YpclCYA4,17,[]
CI6YpclCYA4,18,[]
CI6YpclCYA4,19,[]
CI6YpclCYA4,20,[]
WsUjSE-ibKo,0,[]
WsUjSE-ibKo,1,[]
WsUjSE-ibKo,2,[]
WsUjSE-ibKo,3,[]
WsUjSE-ibKo,4,[]
WsUjSE-ibKo,5,[]
WsUjSE-ibKo,6,[]
WsUjSE-ibKo,7,[]
WsUjSE-ibKo,8,[]
WsUjSE-ibKo,9,[]
WsUjSE-ibKo,10,[]
WsUjSE-ibKo,11,[]
WsUjSE-ibKo,12,[]
WsUjSE-ibKo,13,[]
WsUjSE-ibKo,14,[]
WsUjSE-ibKo,15,[]
WsUjSE-ibKo,16,[]
WsUjSE-ibKo,17,"[{""class_id"": 0, ""cx"": 0.6589933037757874, ""cy"": 0.4722551107406616, ""w"": 0.43230724334716797, ""h"": 0.4804550111293793, ""confidence"": 0.162139892578125}]"
WsUjSE-ibKo,18,"[{""class_id"": 0, ""cx"": 0.5888476371765137, ""cy"": 0.41584327816963196, ""w"": 0.36588218808174133, ""h"": 0.6334493160247803, ""confidence"": 0.11682652682065964}]"
WsUjSE-ibKo,19,[]
WsUjSE-ibKo,20,"[{""class_id"": 0, ""cx"": 0.585206925868988, ""cy"": 0.502768337726593, ""w"": 0.3440892696380615, ""h"": 0.42966198921203613, ""confidence"": 0.1453266143798828}]"
WsUjSE-ibKo,21,[]
WsUjSE-ibKo,22,[]
WsUjSE-ibKo,23,[]
WsUjSE-ibKo,24,[]
WsUjSE-ibKo,25,"[{""class_id"": 0, ""cx"": 0.5952631235122681, ""cy"": 0.9330462217330933, ""w"": 0.10234377533197403, ""h"": 0.13390757143497467, ""confidence"": 0.44976457953453064}]"
WsUjSE-ibKo,26,[]
WsUjSE-ibKo,27,[]
WsUjSE-ibKo,28,[]
WsUjSE-ibKo,29,[]
WsUjSE-ibKo,30,[]
WsUjSE-ibKo,31,[]
WsUjSE-ibKo,32,[]
WsUjSE-ibKo,33,[]
WsUjSE-ibKo,34,[]
WsUjSE-ibKo,35,[]
WsUjSE-ibKo,36,[]
WsUjSE-ibKo,37,[]
WsUjSE-ibKo,38,[]
WsUjSE-ibKo,39,[]
WsUjSE-ibKo,40,[]
WsUjSE-ibKo,41,[]
WsUjSE-ibKo,42,[]
WsUjSE-ibKo,43,[]
WsUjSE-ibKo,44,[]
WsUjSE-ibKo,45,[]
WsUjSE-ibKo,46,[]
WsUjSE-ibKo,47,[]
WsUjSE-ibKo,48,[]
WsUjSE-ibKo,49,[]
WsUjSE-ibKo,50,[]
WsUjSE-ibKo,51,[]
WsUjSE-ibKo,52,[]
WsUjSE-ibKo,53,[]
WsUjSE-ibKo,54,[]
WsUjSE-ibKo,55,[]
WsUjSE-ibKo,56,[]
WsUjSE-ibKo,57,[]
WsUjSE-ibKo,58,[]
WsUjSE-ibKo,59,[]
WsUjSE-ibKo,60,[]
WsUjSE-ibKo,61,[]
WsUjSE-ibKo,62,[]
WsUjSE-ibKo,63,[]
WsUjSE-ibKo,64,[]
WsUjSE-ibKo,65,[]
WsUjSE-ibKo,66,[]
WsUjSE-ibKo,67,[]
WsUjSE-ibKo,68,[]
WsUjSE-ibKo,69,[]
WsUjSE-ibKo,70,[]
WsUjSE-ibKo,71,[]
WsUjSE-ibKo,72,[]
WsUjSE-ibKo,73,[]
WsUjSE-ibKo,74,[]
WsUjSE-ibKo,75,[]
WsUjSE-ibKo,76,[]
WsUjSE-ibKo,77,[]
WsUjSE-ibKo,78,[]
WsUjSE-ibKo,79,[]
WsUjSE-ibKo,80,[]
WsUjSE-ibKo,81,[]
WsUjSE-ibKo,82,[]
WsUjSE-ibKo,83,[]
WsUjSE-ibKo,84,[]
WsUjSE-ibKo,85,[]
WsUjSE-ibKo,86,[]
WsUjSE-ibKo,87,[]
WsUjSE-ibKo,88,[]
WsUjSE-ibKo,89,[]
WsUjSE-ibKo,90,[]
WsUjSE-ibKo,91,[]
WsUjSE-ibKo,92,[]
WsUjSE-ibKo,93,[]
5NAkyEmC0IU,0,[]
5NAkyEmC0IU,1,[]
5NAkyEmC0IU,2,[]
5NAkyEmC0IU,3,[]
5NAkyEmC0IU,4,[]
5NAkyEmC0IU,5,[]
5NAkyEmC0IU,6,[]
5NAkyEmC0IU,7,[]
5NAkyEmC0IU,8,[]
5NAkyEmC0IU,9,[]
5NAkyEmC0IU,10,[]
5NAkyEmC0IU,11,[]
5NAkyEmC0IU,12,[]
5NAkyEmC0IU,13,[]
5NAkyEmC0IU,14,[]
5NAkyEmC0IU,15,[]
5NAkyEmC0IU,16,[]
5NAkyEmC0IU,17,[]
5NAkyEmC0IU,18,[]
5NAkyEmC0IU,19,[]
5NAkyEmC0IU,20,[]
5NAkyEmC0IU,21,[]
5NAkyEmC0IU,22,[]
5NAkyEmC0IU,23,[]
5NAkyEmC0IU,24,[]
5NAkyEmC0IU,25,[]
5NAkyEmC0IU,26,[]
5NAkyEmC0IU,27,[]
5NAkyEmC0IU,28,[]
5NAkyEmC0IU,29,[]
5NAkyEmC0IU,30,[]
5NAkyEmC0IU,31,[]
5NAkyEmC0IU,32,"[{""class_id"": 0, ""cx"": 0.2588462233543396, ""cy"": 0.1955747753381729, ""w"": 0.08012642711400986, ""h"": 0.20348311960697174, ""confidence"": 0.37688690423965454}]"
5NAkyEmC0IU,33,"[{""class_id"": 0, ""cx"": 0.296822726726532, ""cy"": 0.17785604298114777, ""w"": 0.15052835643291473, ""h"": 0.22454193234443665, ""confidence"": 0.1396203637123108}]"
5NAkyEmC0IU,34,[]
5NAkyEmC0IU,35,[]
5NAkyEmC0IU,36,[]
5NAkyEmC0IU,37,[]
5NAkyEmC0IU,38,[]
5NAkyEmC0IU,39,[]
5NAkyEmC0IU,40,[]
5NAkyEmC0IU,41,[]
5NAkyEmC0IU,42,"[{""class_id"": 0, ""cx"": 0.2684823274612427, ""cy"": 0.22270379960536957, ""w"": 0.09854860603809357, ""h"": 0.1448202133178711, ""confidence"": 0.1288379579782486}]"
5NAkyEmC0IU,43,"[{""class_id"": 0, ""cx"": 0.2647706866264343, ""cy"": 0.1783839762210846, ""w"": 0.18650782108306885, ""h"": 0.23682795464992523, ""confidence"": 0.23548778891563416}]"
5NAkyEmC0IU,44,"[{""class_id"": 0, ""cx"": 0.27116966247558594, ""cy"": 0.2070879191160202, ""w"": 0.1109791249036789, ""h"": 0.18884839117527008, ""confidence"": 0.26146459579467773}]"
5NAkyEmC0IU,45,"[{""class_id"": 0, ""cx"": 0.24817749857902527, ""cy"": 0.17602549493312836, ""w"": 0.18756844103336334, ""h"": 0.2385437786579132, ""confidence"": 0.10959061235189438}]"
5NAkyEmC0IU,46,"[{""class_id"": 0, ""cx"": 0.2687409520149231, ""cy"": 0.21038773655891418, ""w"": 0.1094437837600708, ""h"": 0.18325766921043396, ""confidence"": 0.3995705842971802}]"
5NAkyEmC0IU,47,[]
5NAkyEmC0IU,48,[]
5NAkyEmC0IU,49,"[{""class_id"": 0, ""cx"": 0.26932448148727417, ""cy"": 0.19922694563865662, ""w"": 0.11530458927154541, ""h"": 0.19964569807052612, ""confidence"": 0.36423343420028687}]"
5NAkyEmC0IU,50,"[{""class_id"": 0, ""cx"": 0.27141493558883667, ""cy"": 0.20165278017520905, ""w"": 0.13068687915802002, ""h"": 0.20382244884967804, ""confidence"": 0.6463789343833923}]"
5NAkyEmC0IU,51,[]
5NAkyEmC0IU,52,[]
5NAkyEmC0IU,53,[]
5NAkyEmC0IU,54,[]
5NAkyEmC0IU,55,[]
5NAkyEmC0IU,56,[]
5NAkyEmC0IU,57,[]
5NAkyEmC0IU,58,[]
5NAkyEmC0IU,59,[]
5NAkyEmC0IU,60,[]
5NAkyEmC0IU,61,[]
5NAkyEmC0IU,62,[]
5NAkyEmC0IU,63,[]
5NAkyEmC0IU,64,[]
5NAkyEmC0IU,65,[]
5NAkyEmC0IU,66,[]
5NAkyEmC0IU,67,[]
5NAkyEmC0IU,68,[]
5NAkyEmC0IU,69,"[{""class_id"": 0, ""cx"": 0.964892566204071, ""cy"": 0.08528836816549301, ""w"": 0.07021474838256836, ""h"": 0.17057673633098602, ""confidence"": 0.12766505777835846}]"
5NAkyEmC0IU,70,[]
5NAkyEmC0IU,71,[]
5NAkyEmC0IU,72,[]
5NAkyEmC0IU,73,[]
5NAkyEmC0IU,74,[]
5NAkyEmC0IU,75,[]
5NAkyEmC0IU,76,[]
5NAkyEmC0IU,77,[]
5NAkyEmC0IU,78,[]
5NAkyEmC0IU,79,[]
5NAkyEmC0IU,80,[]
5NAkyEmC0IU,81,[]
5NAkyEmC0IU,82,[]
5NAkyEmC0IU,83,[]
5NAkyEmC0IU,84,[]
5NAkyEmC0IU,85,[]
5NAkyEmC0IU,86,[]
5NAkyEmC0IU,87,[]
5NAkyEmC0IU,88,[]
5NAkyEmC0IU,89,[]
5NAkyEmC0IU,90,[]
5NAkyEmC0IU,91,[]
5NAkyEmC0IU,92,[]
5NAkyEmC0IU,93,[]
5NAkyEmC0IU,94,[]
5NAkyEmC0IU,95,[]
5NAkyEmC0IU,96,[]
5NAkyEmC0IU,97,[]
5NAkyEmC0IU,98,[]
5NAkyEmC0IU,99,[]
5NAkyEmC0IU,100,[]
5NAkyEmC0IU,101,[]
5NAkyEmC0IU,102,[]
5NAkyEmC0IU,103,[]
K3ML54RtbAo,0,[]
K3ML54RtbAo,1,[]
K3ML54RtbAo,2,[]
K3ML54RtbAo,3,[]
K3ML54RtbAo,4,[]
K3ML54RtbAo,5,[]
K3ML54RtbAo,6,[]
K3ML54RtbAo,7,[]
K3ML54RtbAo,8,[]
K3ML54RtbAo,9,[]
K3ML54RtbAo,10,[]
K3ML54RtbAo,11,[]
K3ML54RtbAo,12,[]
K3ML54RtbAo,13,[]
K3ML54RtbAo,14,[]
K3ML54RtbAo,15,[]
K3ML54RtbAo,16,[]
K3ML54RtbAo,17,[]
K3ML54RtbAo,18,[]
K3ML54RtbAo,19,[]
K3ML54RtbAo,20,[]
K3ML54RtbAo,21,[]
K3ML54RtbAo,22,[]
K3ML54RtbAo,23,[]
K3ML54RtbAo,24,[]
K3ML54RtbAo,25,[]
K3ML54RtbAo,26,[]
K3ML54RtbAo,27,"[{""class_id"": 0, ""cx"": 0.9604412913322449, ""cy"": 0.8651914596557617, ""w"": 0.07911736518144608, ""h"": 0.26961708068847656, ""confidence"": 0.15230488777160645}]"
K3ML54RtbAo,28,"[{""class_id"": 0, ""cx"": 0.9607120156288147, ""cy"": 0.8625475764274597, ""w"": 0.07857591658830643, ""h"": 0.27490493655204773, ""confidence"": 0.11145088076591492}]"
K3ML54RtbAo,29,[]
K3ML54RtbAo,30,[]
K3ML54RtbAo,31,"[{""class_id"": 0, ""cx"": 0.9597248435020447, ""cy"": 0.8653612732887268, ""w"": 0.08055028319358826, ""h"": 0.2692773640155792, ""confidence"": 0.11881741136312485}]"
K3ML54RtbAo,32,"[{""class_id"": 0, ""cx"": 0.9620735049247742, ""cy"": 0.8651139140129089, ""w"": 0.07585294544696808, ""h"": 0.26977211236953735, ""confidence"": 0.11505206674337387}]"
K3ML54RtbAo,33,[]
K3ML54RtbAo,34,"[{""class_id"": 0, ""cx"": 0.9630922079086304, ""cy"": 0.8705364465713501, ""w"": 0.07381556183099747, ""h"": 0.2589271068572998, ""confidence"": 0.10205619782209396}]"
K3ML54RtbAo,35,"[{""class_id"": 0, ""cx"": 0.9610639214515686, ""cy"": 0.8698631525039673, ""w"": 0.07787209749221802, ""h"": 0.26027363538742065, ""confidence"": 0.101640984416008}]"
K3ML54RtbAo,36,"[{""class_id"": 0, ""cx"": 0.9614728689193726, ""cy"": 0.8670721054077148, ""w"": 0.07705432921648026, ""h"": 0.2658558189868927, ""confidence"": 0.14098145067691803}]"
K3ML54RtbAo,37,[]
K3ML54RtbAo,38,[]
wm22sUiq9fE,0,[]
wm22sUiq9fE,1,[]
wm22sUiq9fE,2,[]
wm22sUiq9fE,3,[]
wm22sUiq9fE,4,[]
wm22sUiq9fE,5,[]
wm22sUiq9fE,6,[]
wm22sUiq9fE,7,[]
wm22sUiq9fE,8,[]
wm22sUiq9fE,9,[]
wm22sUiq9fE,10,[]
wm22sUiq9fE,11,[]
wm22sUiq9fE,12,[]
wm22sUiq9fE,13,[]
wm22sUiq9fE,14,[]
wm22sUiq9fE,15,[]
wm22sUiq9fE,16,[]
wm22sUiq9fE,17,[]
wm22sUiq9fE,18,[]
wm22sUiq9fE,19,[]
wm22sUiq9fE,20,[]
wm22sUiq9fE,21,[]
wm22sUiq9fE,22,[]
wm22sUiq9fE,23,[]
wm22sUiq9fE,24,[]
wm22sUiq9fE,25,[]
wm22sUiq9fE,26,[]
