aligned_s,angle1_source_s,angle2_source_s,dfine_flame_angle1,dfine_flame_angle2,dfine_flame_repeat_angle1,dfine_flame_repeat_angle2,dfine_dfire_flame_agree_angle1,dfine_dfire_flame_agree_angle2,dfine_smoke_angle1,dfine_smoke_angle2,watch_condition,operator_condition,two_view_condition,both_persistent_condition,smoke_support_condition,raw_angle2_dfine_repeat_baseline,raw_shared_operator_condition,incident_stage,new_operator_alert,operator_alerts_total,incident_cameras,incident_classes
0,2,56,0,0,0,0,0,0,0,0,0,0,0,0,0,0,0,clear,0,0,,
1,3,57,0,0,0,0,0,0,0,0,0,0,0,0,0,1,0,clear,0,0,,
2,4,58,0,1,0,0,0,1,0,0,1,1,0,0,0,1,1,provisional,1,1,angle2,flame
3,5,59,1,1,0,1,0,1,0,0,1,1,1,0,0,1,1,two_view,0,1,angle1|angle2,flame
4,6,60,1,1,1,1,1,1,0,0,1,1,1,1,0,1,1,persistent_both,0,1,angle1|angle2,flame
5,7,61,1,1,1,1,1,1,0,0,1,1,1,1,0,1,1,persistent_both,0,1,angle1|angle2,flame
6,8,62,1,1,1,1,1,1,0,1,1,1,1,1,1,1,1,persistent_both,0,1,angle1|angle2,flame|smoke
7,9,63,0,1,0,1,0,1,0,1,1,1,1,1,1,1,1,persistent_both,0,1,angle1|angle2,flame|smoke
8,10,64,0,1,0,1,0,1,0,0,1,1,1,1,0,1,1,persistent_both,0,1,angle1|angle2,flame|smoke
9,11,65,1,1,0,1,1,1,0,0,1,1,1,1,0,1,1,persistent_both,0,1,angle1|angle2,flame|smoke
10,12,66,1,1,1,1,1,1,0,0,1,1,1,1,0,1,1,persistent_both,0,1,angle1|angle2,flame|smoke
11,13,67,1,1,1,1,1,1,1,0,1,1,1,1,1,1,1,persistent_both,0,1,angle1|angle2,flame|smoke
12,14,68,1,1,1,1,1,1,1,0,1,1,1,1,1,1,1,persistent_both,0,1,angle1|angle2,flame|smoke
13,15,69,1,1,1,1,1,1,1,0,1,1,1,1,1,1,1,persistent_both,0,1,angle1|angle2,flame|smoke
14,16,70,1,1,1,1,1,1,1,1,1,1,1,1,1,1,1,persistent_both,0,1,angle1|angle2,flame|smoke
15,17,71,1,1,1,1,1,1,1,0,1,1,1,1,1,1,1,persistent_both,0,1,angle1|angle2,flame|smoke
16,18,72,1,1,1,1,1,1,1,1,1,1,1,1,1,1,1,persistent_both,0,1,angle1|angle2,flame|smoke
17,19,73,1,1,1,1,1,1,1,1,1,1,1,1,1,1,1,persistent_both,0,1,angle1|angle2,flame|smoke
18,20,74,1,0,1,0,1,0,1,1,1,1,1,1,1,1,1,persistent_both,0,1,angle1|angle2,flame|smoke
19,21,75,1,1,0,0,1,0,0,0,1,1,1,1,0,1,1,persistent_both,0,1,angle1|angle2,flame|smoke
20,22,76,1,1,0,1,0,0,0,0,1,0,1,1,0,1,1,persistent_both,0,1,angle1|angle2,flame|smoke
21,23,77,1,1,0,0,1,1,0,0,1,1,1,1,0,0,1,persistent_both,0,1,angle1|angle2,flame|smoke
22,24,78,1,0,1,0,1,0,1,0,1,1,1,1,1,0,1,persistent_both,0,1,angle1|angle2,flame|smoke
23,25,79,1,1,1,0,1,0,0,0,1,1,1,1,0,0,1,persistent_both,0,1,angle1|angle2,flame|smoke
24,26,80,1,0,1,0,1,0,0,0,1,1,1,1,0,1,1,persistent_both,0,1,angle1|angle2,flame|smoke
25,27,81,1,0,1,0,1,0,1,0,1,1,1,1,1,0,1,persistent_both,0,1,angle1|angle2,flame|smoke
26,28,82,1,0,1,0,1,0,0,0,1,1,0,0,0,0,1,persistent_both,0,1,angle1|angle2,flame|smoke
27,29,83,1,0,1,0,1,0,0,0,1,1,0,0,0,0,1,persistent_both,0,1,angle1|angle2,flame|smoke
28,30,84,1,0,1,0,1,0,0,0,1,1,0,0,0,0,1,persistent_both,0,1,angle1|angle2,flame|smoke
29,31,85,1,0,1,0,1,0,0,0,1,1,0,0,0,0,1,persistent_both,0,1,angle1|angle2,flame|smoke
30,32,86,1,0,1,0,1,0,0,0,1,1,0,0,0,0,1,persistent_both,0,1,angle1|angle2,flame|smoke
31,33,87,1,0,1,0,1,0,0,0,1,1,0,0,0,0,1,persistent_both,0,1,angle1|angle2,flame|smoke
32,34,88,1,0,1,0,1,0,0,0,1,1,0,0,0,0,1,persistent_both,0,1,angle1|angle2,flame|smoke
33,35,89,1,0,1,0,1,0,0,0,1,1,0,0,0,0,1,persistent_both,0,1,angle1|angle2,flame|smoke
34,36,90,1,1,1,0,1,0,0,0,1,1,1,0,0,0,1,persistent_both,0,1,angle1|angle2,flame|smoke
35,37,91,1,0,0,0,0,0,0,0,1,0,1,0,0,0,1,persistent_both,0,1,angle1|angle2,flame|smoke
36,38,92,1,1,0,0,1,0,0,0,1,1,1,0,0,1,1,persistent_both,0,1,angle1|angle2,flame|smoke
37,39,93,1,1,1,1,1,0,1,0,1,1,1,1,1,1,1,persistent_both,0,1,angle1|angle2,flame|smoke
38,40,94,1,1,1,1,1,0,1,0,1,1,1,1,1,1,1,persistent_both,0,1,angle1|angle2,flame|smoke
39,41,95,1,1,1,1,0,0,1,0,1,0,1,1,1,1,1,persistent_both,0,1,angle1|angle2,flame|smoke
40,42,96,1,0,1,0,0,0,0,0,1,0,1,1,0,1,1,persistent_both,0,1,angle1|angle2,flame|smoke
41,43,97,0,0,0,0,0,0,0,0,0,0,1,1,0,1,1,persistent_both,0,1,angle1|angle2,flame|smoke
42,44,98,0,0,0,0,0,0,1,0,0,0,0,1,1,1,1,persistent_both,0,1,angle1|angle2,flame|smoke
43,45,99,0,0,0,0,0,0,0,0,0,0,0,1,0,1,1,persistent_both,0,1,angle1|angle2,flame|smoke
44,46,100,0,0,0,0,0,0,0,0,0,0,0,1,0,1,1,persistent_both,0,1,angle1|angle2,flame|smoke
45,47,101,0,0,0,0,0,0,0,0,0,0,0,0,0,1,1,persistent_both,0,1,angle1|angle2,flame|smoke
46,48,102,0,0,0,0,0,0,0,0,0,0,0,0,0,1,1,persistent_both,0,1,angle1|angle2,flame|smoke
