video,model,threshold,rule,sampled_frames,first_alert_s,flagged_sampled_frames,alert_episodes
FP1.mp4,dfine,0.25,1_of_1_same_class,30,,0,0
FP1.mp4,dfine,0.25,2_of_2_same_class,30,,0,0
FP1.mp4,dfine,0.25,3_of_3_same_class,30,,0,0
FP1.mp4,dfine,0.25,2_of_3_same_class,30,,0,0
FP1.mp4,dfine,0.5,1_of_1_same_class,30,,0,0
FP1.mp4,dfine,0.5,2_of_2_same_class,30,,0,0
FP1.mp4,dfine,0.5,3_of_3_same_class,30,,0,0
FP1.mp4,dfine,0.5,2_of_3_same_class,30,,0,0
FP1.mp4,dfire_yolov8n,0.25,1_of_1_same_class,30,,0,0
FP1.mp4,dfire_yolov8n,0.25,2_of_2_same_class,30,,0,0
FP1.mp4,dfire_yolov8n,0.25,3_of_3_same_class,30,,0,0
FP1.mp4,dfire_yolov8n,0.25,2_of_3_same_class,30,,0,0
FP1.mp4,dfire_yolov8n,0.5,1_of_1_same_class,30,,0,0
FP1.mp4,dfire_yolov8n,0.5,2_of_2_same_class,30,,0,0
FP1.mp4,dfire_yolov8n,0.5,3_of_3_same_class,30,,0,0
FP1.mp4,dfire_yolov8n,0.5,2_of_3_same_class,30,,0,0
FP1.mp4,pyronear,0.25,1_of_1_same_class,30,,0,0
FP1.mp4,pyronear,0.25,2_of_2_same_class,30,,0,0
FP1.mp4,pyronear,0.25,3_of_3_same_class,30,,0,0
FP1.mp4,pyronear,0.25,2_of_3_same_class,30,,0,0
FP1.mp4,pyronear,0.5,1_of_1_same_class,30,,0,0
FP1.mp4,pyronear,0.5,2_of_2_same_class,30,,0,0
FP1.mp4,pyronear,0.5,3_of_3_same_class,30,,0,0
FP1.mp4,pyronear,0.5,2_of_3_same_class,30,,0,0
FP1.mp4,soul,0.25,1_of_1_same_class,30,,0,0
FP1.mp4,soul,0.25,2_of_2_same_class,30,,0,0
FP1.mp4,soul,0.25,3_of_3_same_class,30,,0,0
FP1.mp4,soul,0.25,2_of_3_same_class,30,,0,0
FP1.mp4,soul,0.5,1_of_1_same_class,30,,0,0
FP1.mp4,soul,0.5,2_of_2_same_class,30,,0,0
FP1.mp4,soul,0.5,3_of_3_same_class,30,,0,0
FP1.mp4,soul,0.5,2_of_3_same_class,30,,0,0
FP1.mp4,yolo,0.25,1_of_1_same_class,30,,0,0
FP1.mp4,yolo,0.25,2_of_2_same_class,30,,0,0
FP1.mp4,yolo,0.25,3_of_3_same_class,30,,0,0
FP1.mp4,yolo,0.25,2_of_3_same_class,30,,0,0
FP1.mp4,yolo,0.5,1_of_1_same_class,30,,0,0
FP1.mp4,yolo,0.5,2_of_2_same_class,30,,0,0
FP1.mp4,yolo,0.5,3_of_3_same_class,30,,0,0
FP1.mp4,yolo,0.5,2_of_3_same_class,30,,0,0
FP14.mp4,dfine,0.25,1_of_1_same_class,2,0.0,1,1
FP14.mp4,dfine,0.25,2_of_2_same_class,2,,0,0
FP14.mp4,dfine,0.25,3_of_3_same_class,2,,0,0
FP14.mp4,dfine,0.25,2_of_3_same_class,2,,0,0
FP14.mp4,dfine,0.5,1_of_1_same_class,2,,0,0
FP14.mp4,dfine,0.5,2_of_2_same_class,2,,0,0
FP14.mp4,dfine,0.5,3_of_3_same_class,2,,0,0
FP14.mp4,dfine,0.5,2_of_3_same_class,2,,0,0
FP14.mp4,dfire_yolov8n,0.25,1_of_1_same_class,2,,0,0
FP14.mp4,dfire_yolov8n,0.25,2_of_2_same_class,2,,0,0
FP14.mp4,dfire_yolov8n,0.25,3_of_3_same_class,2,,0,0
FP14.mp4,dfire_yolov8n,0.25,2_of_3_same_class,2,,0,0
FP14.mp4,dfire_yolov8n,0.5,1_of_1_same_class,2,,0,0
FP14.mp4,dfire_yolov8n,0.5,2_of_2_same_class,2,,0,0
FP14.mp4,dfire_yolov8n,0.5,3_of_3_same_class,2,,0,0
FP14.mp4,dfire_yolov8n,0.5,2_of_3_same_class,2,,0,0
FP14.mp4,pyronear,0.25,1_of_1_same_class,2,,0,0
FP14.mp4,pyronear,0.25,2_of_2_same_class,2,,0,0
FP14.mp4,pyronear,0.25,3_of_3_same_class,2,,0,0
FP14.mp4,pyronear,0.25,2_of_3_same_class,2,,0,0
FP14.mp4,pyronear,0.5,1_of_1_same_class,2,,0,0
FP14.mp4,pyronear,0.5,2_of_2_same_class,2,,0,0
FP14.mp4,pyronear,0.5,3_of_3_same_class,2,,0,0
FP14.mp4,pyronear,0.5,2_of_3_same_class,2,,0,0
FP14.mp4,soul,0.25,1_of_1_same_class,2,0.0,2,1
FP14.mp4,soul,0.25,2_of_2_same_class,2,1.0,1,1
FP14.mp4,soul,0.25,3_of_3_same_class,2,,0,0
FP14.mp4,soul,0.25,2_of_3_same_class,2,1.0,1,1
FP14.mp4,soul,0.5,1_of_1_same_class,2,0.0,2,1
FP14.mp4,soul,0.5,2_of_2_same_class,2,1.0,1,1
FP14.mp4,soul,0.5,3_of_3_same_class,2,,0,0
FP14.mp4,soul,0.5,2_of_3_same_class,2,1.0,1,1
FP14.mp4,yolo,0.25,1_of_1_same_class,2,,0,0
FP14.mp4,yolo,0.25,2_of_2_same_class,2,,0,0
FP14.mp4,yolo,0.25,3_of_3_same_class,2,,0,0
FP14.mp4,yolo,0.25,2_of_3_same_class,2,,0,0
FP14.mp4,yolo,0.5,1_of_1_same_class,2,,0,0
FP14.mp4,yolo,0.5,2_of_2_same_class,2,,0,0
FP14.mp4,yolo,0.5,3_of_3_same_class,2,,0,0
FP14.mp4,yolo,0.5,2_of_3_same_class,2,,0,0
FP31.mp4,dfine,0.25,1_of_1_same_class,16,2.0,8,1
FP31.mp4,dfine,0.25,2_of_2_same_class,16,3.0,7,1
FP31.mp4,dfine,0.25,3_of_3_same_class,16,4.0,6,1
FP31.mp4,dfine,0.25,2_of_3_same_class,16,3.0,8,1
FP31.mp4,dfine,0.5,1_of_1_same_class,16,2.0,3,3
FP31.mp4,dfine,0.5,2_of_2_same_class,16,,0,0
FP31.mp4,dfine,0.5,3_of_3_same_class,16,,0,0
FP31.mp4,dfine,0.5,2_of_3_same_class,16,,0,0
FP31.mp4,dfire_yolov8n,0.25,1_of_1_same_class,16,4.0,4,1
FP31.mp4,dfire_yolov8n,0.25,2_of_2_same_class,16,5.0,3,1
FP31.mp4,dfire_yolov8n,0.25,3_of_3_same_class,16,6.0,2,1
FP31.mp4,dfire_yolov8n,0.25,2_of_3_same_class,16,5.0,4,1
FP31.mp4,dfire_yolov8n,0.5,1_of_1_same_class,16,5.0,3,1
FP31.mp4,dfire_yolov8n,0.5,2_of_2_same_class,16,6.0,2,1
FP31.mp4,dfire_yolov8n,0.5,3_of_3_same_class,16,7.0,1,1
FP31.mp4,dfire_yolov8n,0.5,2_of_3_same_class,16,6.0,3,1
FP31.mp4,pyronear,0.25,1_of_1_same_class,16,0.0,1,1
FP31.mp4,pyronear,0.25,2_of_2_same_class,16,,0,0
FP31.mp4,pyronear,0.25,3_of_3_same_class,16,,0,0
FP31.mp4,pyronear,0.25,2_of_3_same_class,16,,0,0
FP31.mp4,pyronear,0.5,1_of_1_same_class,16,,0,0
FP31.mp4,pyronear,0.5,2_of_2_same_class,16,,0,0
FP31.mp4,pyronear,0.5,3_of_3_same_class,16,,0,0
FP31.mp4,pyronear,0.5,2_of_3_same_class,16,,0,0
FP31.mp4,soul,0.25,1_of_1_same_class,16,2.0,8,1
FP31.mp4,soul,0.25,2_of_2_same_class,16,3.0,7,1
FP31.mp4,soul,0.25,3_of_3_same_class,16,4.0,6,1
FP31.mp4,soul,0.25,2_of_3_same_class,16,3.0,8,1
FP31.mp4,soul,0.5,1_of_1_same_class,16,3.0,5,1
FP31.mp4,soul,0.5,2_of_2_same_class,16,4.0,4,1
FP31.mp4,soul,0.5,3_of_3_same_class,16,5.0,3,1
FP31.mp4,soul,0.5,2_of_3_same_class,16,4.0,5,1
FP31.mp4,yolo,0.25,1_of_1_same_class,16,0.0,8,2
FP31.mp4,yolo,0.25,2_of_2_same_class,16,3.0,6,1
FP31.mp4,yolo,0.25,3_of_3_same_class,16,4.0,5,1
FP31.mp4,yolo,0.25,2_of_3_same_class,16,2.0,8,1
FP31.mp4,yolo,0.5,1_of_1_same_class,16,5.0,3,2
FP31.mp4,yolo,0.5,2_of_2_same_class,16,6.0,1,1
FP31.mp4,yolo,0.5,3_of_3_same_class,16,,0,0
FP31.mp4,yolo,0.5,2_of_3_same_class,16,6.0,3,1
VP1.mp4,dfine,0.25,1_of_1_same_class,30,1.0,25,4
VP1.mp4,dfine,0.25,2_of_2_same_class,30,2.0,20,4
VP1.mp4,dfine,0.25,3_of_3_same_class,30,3.0,16,3
VP1.mp4,dfine,0.25,2_of_3_same_class,30,2.0,25,3
VP1.mp4,dfine,0.5,1_of_1_same_class,30,7.0,9,2
VP1.mp4,dfine,0.5,2_of_2_same_class,30,23.0,7,1
VP1.mp4,dfine,0.5,3_of_3_same_class,30,24.0,6,1
VP1.mp4,dfine,0.5,2_of_3_same_class,30,23.0,7,1
VP1.mp4,dfire_yolov8n,0.25,1_of_1_same_class,30,12.0,8,3
VP1.mp4,dfire_yolov8n,0.25,2_of_2_same_class,30,13.0,5,2
VP1.mp4,dfire_yolov8n,0.25,3_of_3_same_class,30,27.0,3,1
VP1.mp4,dfire_yolov8n,0.25,2_of_3_same_class,30,13.0,7,2
VP1.mp4,dfire_yolov8n,0.5,1_of_1_same_class,30,27.0,1,1
VP1.mp4,dfire_yolov8n,0.5,2_of_2_same_class,30,,0,0
VP1.mp4,dfire_yolov8n,0.5,3_of_3_same_class,30,,0,0
VP1.mp4,dfire_yolov8n,0.5,2_of_3_same_class,30,,0,0
VP1.mp4,pyronear,0.25,1_of_1_same_class,30,,0,0
VP1.mp4,pyronear,0.25,2_of_2_same_class,30,,0,0
VP1.mp4,pyronear,0.25,3_of_3_same_class,30,,0,0
VP1.mp4,pyronear,0.25,2_of_3_same_class,30,,0,0
VP1.mp4,pyronear,0.5,1_of_1_same_class,30,,0,0
VP1.mp4,pyronear,0.5,2_of_2_same_class,30,,0,0
VP1.mp4,pyronear,0.5,3_of_3_same_class,30,,0,0
VP1.mp4,pyronear,0.5,2_of_3_same_class,30,,0,0
VP1.mp4,soul,0.25,1_of_1_same_class,30,,0,0
VP1.mp4,soul,0.25,2_of_2_same_class,30,,0,0
VP1.mp4,soul,0.25,3_of_3_same_class,30,,0,0
VP1.mp4,soul,0.25,2_of_3_same_class,30,,0,0
VP1.mp4,soul,0.5,1_of_1_same_class,30,,0,0
VP1.mp4,soul,0.5,2_of_2_same_class,30,,0,0
VP1.mp4,soul,0.5,3_of_3_same_class,30,,0,0
VP1.mp4,soul,0.5,2_of_3_same_class,30,,0,0
VP1.mp4,yolo,0.25,1_of_1_same_class,30,18.0,11,2
VP1.mp4,yolo,0.25,2_of_2_same_class,30,21.0,9,1
VP1.mp4,yolo,0.25,3_of_3_same_class,30,22.0,8,1
VP1.mp4,yolo,0.25,2_of_3_same_class,30,20.0,10,1
VP1.mp4,yolo,0.5,1_of_1_same_class,30,24.0,6,1
VP1.mp4,yolo,0.5,2_of_2_same_class,30,25.0,5,1
VP1.mp4,yolo,0.5,3_of_3_same_class,30,26.0,4,1
VP1.mp4,yolo,0.5,2_of_3_same_class,30,25.0,5,1
VP3.mp4,dfine,0.25,1_of_1_same_class,30,0.0,27,3
VP3.mp4,dfine,0.25,2_of_2_same_class,30,1.0,24,2
VP3.mp4,dfine,0.25,3_of_3_same_class,30,2.0,22,1
VP3.mp4,dfine,0.25,2_of_3_same_class,30,1.0,28,1
VP3.mp4,dfine,0.5,1_of_1_same_class,30,2.0,3,3
VP3.mp4,dfine,0.5,2_of_2_same_class,30,,0,0
VP3.mp4,dfine,0.5,3_of_3_same_class,30,,0,0
VP3.mp4,dfine,0.5,2_of_3_same_class,30,,0,0
VP3.mp4,dfire_yolov8n,0.25,1_of_1_same_class,30,0.0,16,3
VP3.mp4,dfire_yolov8n,0.25,2_of_2_same_class,30,1.0,13,2
VP3.mp4,dfire_yolov8n,0.25,3_of_3_same_class,30,2.0,11,2
VP3.mp4,dfire_yolov8n,0.25,2_of_3_same_class,30,1.0,15,2
VP3.mp4,dfire_yolov8n,0.5,1_of_1_same_class,30,0.0,8,2
VP3.mp4,dfire_yolov8n,0.5,2_of_2_same_class,30,1.0,6,2
VP3.mp4,dfire_yolov8n,0.5,3_of_3_same_class,30,2.0,4,1
VP3.mp4,dfire_yolov8n,0.5,2_of_3_same_class,30,1.0,8,2
VP3.mp4,pyronear,0.25,1_of_1_same_class,30,1.0,4,1
VP3.mp4,pyronear,0.25,2_of_2_same_class,30,2.0,3,1
VP3.mp4,pyronear,0.25,3_of_3_same_class,30,3.0,2,1
VP3.mp4,pyronear,0.25,2_of_3_same_class,30,2.0,4,1
VP3.mp4,pyronear,0.5,1_of_1_same_class,30,,0,0
VP3.mp4,pyronear,0.5,2_of_2_same_class,30,,0,0
VP3.mp4,pyronear,0.5,3_of_3_same_class,30,,0,0
VP3.mp4,pyronear,0.5,2_of_3_same_class,30,,0,0
VP3.mp4,soul,0.25,1_of_1_same_class,30,,0,0
VP3.mp4,soul,0.25,2_of_2_same_class,30,,0,0
VP3.mp4,soul,0.25,3_of_3_same_class,30,,0,0
VP3.mp4,soul,0.25,2_of_3_same_class,30,,0,0
VP3.mp4,soul,0.5,1_of_1_same_class,30,,0,0
VP3.mp4,soul,0.5,2_of_2_same_class,30,,0,0
VP3.mp4,soul,0.5,3_of_3_same_class,30,,0,0
VP3.mp4,soul,0.5,2_of_3_same_class,30,,0,0
VP3.mp4,yolo,0.25,1_of_1_same_class,30,6.0,6,3
VP3.mp4,yolo,0.25,2_of_2_same_class,30,9.0,3,2
VP3.mp4,yolo,0.25,3_of_3_same_class,30,13.0,1,1
VP3.mp4,yolo,0.25,2_of_3_same_class,30,8.0,7,1
VP3.mp4,yolo,0.5,1_of_1_same_class,30,,0,0
VP3.mp4,yolo,0.5,2_of_2_same_class,30,,0,0
VP3.mp4,yolo,0.5,3_of_3_same_class,30,,0,0
VP3.mp4,yolo,0.5,2_of_3_same_class,30,,0,0
VP5.mp4,dfine,0.25,1_of_1_same_class,30,0.0,30,1
VP5.mp4,dfine,0.25,2_of_2_same_class,30,1.0,29,1
VP5.mp4,dfine,0.25,3_of_3_same_class,30,2.0,28,1
VP5.mp4,dfine,0.25,2_of_3_same_class,30,1.0,29,1
VP5.mp4,dfine,0.5,1_of_1_same_class,30,0.0,14,4
VP5.mp4,dfine,0.5,2_of_2_same_class,30,1.0,10,4
VP5.mp4,dfine,0.5,3_of_3_same_class,30,2.0,6,3
VP5.mp4,dfine,0.5,2_of_3_same_class,30,1.0,14,4
VP5.mp4,dfire_yolov8n,0.25,1_of_1_same_class,30,20.0,6,1
VP5.mp4,dfire_yolov8n,0.25,2_of_2_same_class,30,21.0,5,1
VP5.mp4,dfire_yolov8n,0.25,3_of_3_same_class,30,22.0,4,1
VP5.mp4,dfire_yolov8n,0.25,2_of_3_same_class,30,21.0,6,1
VP5.mp4,dfire_yolov8n,0.5,1_of_1_same_class,30,,0,0
VP5.mp4,dfire_yolov8n,0.5,2_of_2_same_class,30,,0,0
VP5.mp4,dfire_yolov8n,0.5,3_of_3_same_class,30,,0,0
VP5.mp4,dfire_yolov8n,0.5,2_of_3_same_class,30,,0,0
VP5.mp4,pyronear,0.25,1_of_1_same_class,30,,0,0
VP5.mp4,pyronear,0.25,2_of_2_same_class,30,,0,0
VP5.mp4,pyronear,0.25,3_of_3_same_class,30,,0,0
VP5.mp4,pyronear,0.25,2_of_3_same_class,30,,0,0
VP5.mp4,pyronear,0.5,1_of_1_same_class,30,,0,0
VP5.mp4,pyronear,0.5,2_of_2_same_class,30,,0,0
VP5.mp4,pyronear,0.5,3_of_3_same_class,30,,0,0
VP5.mp4,pyronear,0.5,2_of_3_same_class,30,,0,0
VP5.mp4,soul,0.25,1_of_1_same_class,30,,0,0
VP5.mp4,soul,0.25,2_of_2_same_class,30,,0,0
VP5.mp4,soul,0.25,3_of_3_same_class,30,,0,0
VP5.mp4,soul,0.25,2_of_3_same_class,30,,0,0
VP5.mp4,soul,0.5,1_of_1_same_class,30,,0,0
VP5.mp4,soul,0.5,2_of_2_same_class,30,,0,0
VP5.mp4,soul,0.5,3_of_3_same_class,30,,0,0
VP5.mp4,soul,0.5,2_of_3_same_class,30,,0,0
VP5.mp4,yolo,0.25,1_of_1_same_class,30,0.0,4,2
VP5.mp4,yolo,0.25,2_of_2_same_class,30,1.0,2,1
VP5.mp4,yolo,0.25,3_of_3_same_class,30,2.0,1,1
VP5.mp4,yolo,0.25,2_of_3_same_class,30,1.0,3,1
VP5.mp4,yolo,0.5,1_of_1_same_class,30,,0,0
VP5.mp4,yolo,0.5,2_of_2_same_class,30,,0,0
VP5.mp4,yolo,0.5,3_of_3_same_class,30,,0,0
VP5.mp4,yolo,0.5,2_of_3_same_class,30,,0,0
