name,category,source,sha256
AoF06732.jpg,none,AoF,a2be8cfb9f21f5b5ca6b6a27e6662b4f5e228063497611cf8f776dbdddfcf615
AoF06740.jpg,none,AoF,d41dfac56ad34ce93ceec8f43806c0023b37854b4d3b2971d1f40d95c540f8f6
AoF06742.jpg,none,AoF,8d7967512d60327fd689b7190b8cb75ada15551efde53ee7c25deaecb7956993
AoF06894.jpg,none,AoF,7e772e81ec509bb2fff3528fe1fe34c2e0035085b088b48247d47549910b133d
AoF06949.jpg,none,AoF,31eabde278bf5c0380285c238ee3d72b244150834f5fbbb446a59355e106f9a5
AoF06963.jpg,none,AoF,70d15c7c8cd58a741b4cc8766efe302a6c3c6efb2e17a31d174999caabd9ba7a
AoF06990.jpg,none,AoF,b6bcd270b7ee64977d90e407bd9aa873bb256fcf6276f67d9758e1efe6c63396
AoF07113.jpg,none,AoF,8d76c81b0a94ae393248e71b89893ce690762adf7a3d070f9debf6e24504dc46
AoF07181.jpg,none,AoF,51134dc2fc8e7ffefbd7ae7634c4a05909105e8a8a5b1d9991230f2d29bf9ebb
AoF07204.jpg,none,AoF,c3abb1dcc1b798cffb07be13c9c6fdd9f8140cadd330985ef78f51876ad71dca
AoF07209.jpg,none,AoF,c4fa2cf5f0a47f64d1f404851df83ea6226590f80897e0308acefb105fb8d427
AoF07265.jpg,none,AoF,82c667036087ebd0a706c7a3f7a047281a4ec89effc25eca29d12a748d26a7a0
AoF07328.jpg,none,AoF,34ffa2c7c542d2d0732444d5ec752e561a88a5d72962eddb382eb18575250698
AoF07398.jpg,none,AoF,637d11b9a58df39ef1a3e66c31e021d4163f1e8383e8dca5b7c682a78a0c4eaa
AoF07427.jpg,none,AoF,43d5f46a7de04885ebe57808c8f175660b4f17a682b13d2903df94e8ad2c0664
AoF07528.jpg,none,AoF,9af0db5507d3a31dae57f1451e7a79331b0a9a55a58a12a0244c813823214bd3
AoF07608.jpg,none,AoF,b522d7947d4bf4a9c7b82a611b36e0174744bfc2d856452799cbe6283350681b
AoF07663.jpg,none,AoF,722130fe964967c6d9d568807a5f43a839f023032947b5dfb72e4f2923566d12
WEB09444.jpg,none,WEB,41e774c76e28a3e4b3052450c18e9bf4a106595c69e819801a11d5b96b14eb3d
WEB09492.jpg,none,WEB,1811638d12dad8681e03c43df5c7e41f7bfaa233e2945ffef14e948197ccba75
WEB09507.jpg,none,WEB,2e4a695de39acddf3bc3f563ed2d8ca39197d04de9e918a288172615112388bb
WEB09607.jpg,none,WEB,7808fe795a74d942ad626c2d2382712458533809e81aa30a4be258087a646cc9
WEB09608.jpg,none,WEB,b6d9db3214fce89fac9110f75d0310df7572bb4aea0c5e310011966acd2778da
WEB09642.jpg,none,WEB,874b714f9520cb23ac91893bf53f6567de8326dad795c54be9f1e659f7c26d5a
WEB09668.jpg,none,WEB,521c10987aec19930466e8fefa9269ae041ad1f4771c8128214293f09929bff9
WEB09703.jpg,none,WEB,8007e9cfefe6541102f16640663b4ebb8a18c6f59eb1aaed765e24d216dd1467
WEB09704.jpg,none,WEB,b88a9cac05c4671abc2db85c44ec7fa6ef484c698c5e7584f29a769e05f28280
WEB09806.jpg,none,WEB,6152b70d31be7dd6ea405a0c37bed8bc4bc551ae7d290c7aa26df8a56061d6f9
WEB09833.jpg,none,WEB,3cbe9abe05c8a0f44c2b860914830ff12317e01d58331b4be6564490e603a9e8
WEB09868.jpg,none,WEB,786c8ad609b863f1e08fb53d29accca72452711ab660031e81d92a918ea3b506
WEB09965.jpg,none,WEB,4b126b9b6b41983b790ad7259e17824c7edf3cb1b99ab1d7faa12afc6630f1cd
WEB09991.jpg,none,WEB,f11aa04198e796d8f47351fe3cbf3211de0778b7c1fcf991c5521fe45bd9ffd9
WEB10055.jpg,none,WEB,b483affc2fe2f1454891d01a6203d1318a5d0ce3854709f0d722ca60dfb10374
WEB10070.jpg,none,WEB,45900c1b70463c459cfb6a61cdf76532aecdafc6118347b65463a8c90f28165f
WEB10141.jpg,none,WEB,8dc3f0f430195cde7f417a621da25d1855083bbc578f69dd7e2cb0cde6b5afe3
WEB10211.jpg,none,WEB,5f0260b23aa3c158131a8ec095d68b8f88f9e8ea9eb91f7069a5f6cf20a9773c
WEB10256.jpg,none,WEB,593b2fa33287dc3d83a5e9f145a5675940c67bc2b8ac6fcd49a589946f9faa28
WEB10358.jpg,none,WEB,7f75ec78b92d484f49d5a386081b8e327e317c63c4709202bf5fc03eaeafd301
WEB10362.jpg,none,WEB,d8c089735c343ce6a7668377424c575b84d7e8e6c82c358eb6897ceba888c9dc
WEB10384.jpg,none,WEB,c33bcd305dc9954f77d62d7e382302e28754c92e42ffd8189b29826731a8f55c
AoF08022.jpg,smoke_only,AoF,3b546a10de8017e1532e6f0caa02aa88d2def15f95f466034a198142c0ae2611
AoF08040.jpg,smoke_only,AoF,84a0062c746f4c83f5ad5964b4fc74a80c672d6ff16b8d2a4e6d4f47fff27cee
AoF08045.jpg,smoke_only,AoF,60dbd8eab5f1b3f5dd91c240f4420dfcd981a69aca5e106bfe47d74d7e7b32f8
AoF08063.jpg,smoke_only,AoF,d03ce1c0ae82623c7a4c272327bcd66a9ddf137e11cf41e26c8124590ee49af7
AoF08120.jpg,smoke_only,AoF,04999ec2c08c870faad9071031537a49d72b2238422f36c3f1ea0111274118e4
AoF08145.jpg,smoke_only,AoF,eb9aa37fe6c5eb87c956dcd1e445c44415608f97c3ebfac2b872bd1c8c16da55
AoF08208.jpg,smoke_only,AoF,2af1f0f29bc7685c8568f14c64f310cece34b15fe011af2d2761295d4c7f6b5e
AoF08214.jpg,smoke_only,AoF,9382c13be5fa5f99e11663673910386da031e26b23529c54f9be6cace10a9b2e
AoF08242.jpg,smoke_only,AoF,7ace8b518f40d9456e5143a389efe65ddb60c77af70112d4f38624d3af49a7cf
AoF08282.jpg,smoke_only,AoF,00578916651050939dfc0077d1e3b2bd3048638f07c33a8055a4d13d630ba2d5
AoF08309.jpg,smoke_only,AoF,267c10650e7ca68fa5753e4c12696b69c7e209a326f09a8d66643e27e32bc908
AoF08347.jpg,smoke_only,AoF,1885218d188fefc4338072ea3c8421e02c27abd5a5718e17751a9ddaebce26cb
AoF08382.jpg,smoke_only,AoF,9f4ae65eb203c69adf222bd4be6700c6d2271d2f17872d3aa52e40becafee1b3
PublicDataset01151.jpg,smoke_only,PublicDataset,8a4e7689c9c670d4ef0465ee82a87e0278735343c1dd85154828ef16d85bea72
PublicDataset01152.jpg,smoke_only,PublicDataset,e3eae4936c2ce2414f8e42c4163c43a40f2d639b2bb25325b53c8f5c5ddea0d8
PublicDataset01201.jpg,smoke_only,PublicDataset,9e74ce006f47397c83cd78586646043748f7d1e2f5c20ac4a88da650d50c6407
PublicDataset01261.jpg,smoke_only,PublicDataset,ea3be0d7e32552b686d98ab9fbfc68b8b3cfe7c74df65200ee0a7a6578d0fa40
PublicDataset01273.jpg,smoke_only,PublicDataset,922d99988dee439b62c543249f0fd9e35a82926efce4597297100225a7ad143f
WEB11014.jpg,smoke_only,WEB,793caacb8cde8354cfb5dbc75d8dc94953a2f216b694761c3969ced5dfb34c9d
WEB11048.jpg,smoke_only,WEB,0bcf710ce6763ac568cf31edaa6324dfa9671e363e52ade8d4f2386bb565c5f6
WEB11122.jpg,smoke_only,WEB,2deb58f1e698e3021c9a64f1c616ba8bd2820c591462e8f8beba63b6dae25060
WEB11160.jpg,smoke_only,WEB,afbaf1e4660286a75478e2ea247208914513bd2e1cabbfed9b1a8a30c0430ebb
WEB11167.jpg,smoke_only,WEB,b6666b9e43a1bd3d21e1e3871b1373b4e355503d246ba2fcea1d76f9af5aa5b7
WEB11280.jpg,smoke_only,WEB,cdd3c4afbdcfaf1051e695f9e4192084d52598387d8a6195821abef963c0e330
WEB11331.jpg,smoke_only,WEB,da816948dff32221efc3cb2b331e5674b59816ed1e42362b5c7094211af71469
WEB11347.jpg,smoke_only,WEB,fdd5dae31ef707f10093fdac31be1a6ba153dd59d72db2460c646d75bce1f00b
WEB11351.jpg,smoke_only,WEB,7d474746497346dd049ab805e9bd82820d40b6f0a938562cfd589c5de4fd0984
WEB11370.jpg,smoke_only,WEB,26a947cf232c2477b1ef093ef1f4407ef2a713ea577e4826dcd797fe03475906
WEB11405.jpg,smoke_only,WEB,899fa6304a468cd0ceae7244e1b9b3c88ce0cdbf66d65943bd8f8a40a8bfa3b7
WEB11449.jpg,smoke_only,WEB,715a9ea4a8ebfad6bf92bbd82fcf6fa59dca7f98648c52075ce10d87c3925ec3
WEB11516.jpg,smoke_only,WEB,2219db2c854978a0694dc74cb17b0863e098b98d66ab702b92084994a7a31db5
WEB11552.jpg,smoke_only,WEB,5f90ee7bde2f67ca4f78b4cb68d2536ba2718e82635f6ed1829d0bda63b37f80
WEB11565.jpg,smoke_only,WEB,d1c106e36852253a7f004405469369ecb18baa36e98b46352c2b6e66cebf284a
WEB11594.jpg,smoke_only,WEB,05e691977bb36d77a5e2d4774d1e56037c8c6f34cd4817daf8f186fa406a1a12
WEB11604.jpg,smoke_only,WEB,f62a8ca8f6987fc7d2fc8e3870bd56e750e96b8b0e581419d8caecc61d64f39b
WEB11676.jpg,smoke_only,WEB,2316067a658382cbf47338017d950eb131d70118e628ac293af755abb92c2741
WEB11712.jpg,smoke_only,WEB,2d95cb23b78e75c71dccb8179f5e39b700a812cebb59a5696294739be6583bc3
WEB11726.jpg,smoke_only,WEB,b472bb41f119a66c8f834d30e94574619c078d8c77f67eb0a0f1ed79520ecd62
WEB11766.jpg,smoke_only,WEB,1c88ed1bdd65be1b1f588f635b276fbb5261f4ee2bcc5281523e9310ff6779fa
WEB11793.jpg,smoke_only,WEB,f20fbe9ae8ad49566375af2cae349de95eba158efcea63f0a6613be05a6b981c
AoF07806.jpg,flame_only,AoF,1d5e55d2d812b81b3901c59435a3343f508d7500676bfcfa8e0006da353b9a39
AoF07807.jpg,flame_only,AoF,1eb4cce9e982daff412d8a33be058feefffc1811e9c9491a5cab6411cd59a067
AoF07829.jpg,flame_only,AoF,e8faeb36647b326dfd17ffadbe935819e012214c766b2ad579f5242cb0799507
AoF07840.jpg,flame_only,AoF,06791a943f2bb91d491b6a84be3d1373562e20057707db0c76d969c3973efd18
AoF07852.jpg,flame_only,AoF,529fda0a03d1789991172b0265cb41dc133e72ba38ca782ba6ead9dfac1549c8
AoF07861.jpg,flame_only,AoF,3951b80f1cf8d5c67e30a50218bf919dab19157a749a506e2ac04bf8e1948548
AoF07867.jpg,flame_only,AoF,8e0d0272980d7b1e964a662de797c5bf95e96c8fe4dfc6646019c833e938931c
AoF07875.jpg,flame_only,AoF,9081d8e21627d8ccc8c180eb08ff026dd84f0209d53cac471b78e3ebaa23bcc4
AoF07882.jpg,flame_only,AoF,70e4aaf1497ea0b634eccb00abc48ef663f8924ac3580e50a01b361d2a74cd55
AoF07884.jpg,flame_only,AoF,f8be79358b0eb26c980e47a57d20962962034720a27098afc72eafde594e310e
AoF07887.jpg,flame_only,AoF,839aef623d3233ef2d499fd1f83fecce0ab84df0ccc3337d31d1e5789e3f2134
AoF07907.jpg,flame_only,AoF,dd0a880f9460cf47103b0cfd6cabbfdce65b47460f835b9ec52996e0850b2029
AoF07908.jpg,flame_only,AoF,13b720a2d5cb3eacade894abd0ccca7956d7d9949f0f00a5e20f97e34d10eb2b
AoF07914.jpg,flame_only,AoF,79b2a89d599cff70b899d5012ecc3d25a5fabcf15eb47c058d069d8db4599882
AoF07935.jpg,flame_only,AoF,fa78654cc196b27bb1fd1bc02b75f48c4e34b85844682096daf25319cbb7c1f0
AoF07942.jpg,flame_only,AoF,487d2b58dfe609c680b8092bf9a8007f396b627c2dc4319bf483a6972bbaf752
AoF07946.jpg,flame_only,AoF,a5929d4a498af5b7822a39cbe8ffd4f7ff7528dd5269069635508e35f62fca91
PublicDataset01055.jpg,flame_only,PublicDataset,3697ac018452b113ebf61def2a81d79b0be33e07fa3c6603274f67f601fd93bd
PublicDataset01063.jpg,flame_only,PublicDataset,aade7a35a54e17665a445484361a4af5abf5a67adbb26ac496c6e8848fdcbc18
PublicDataset01064.jpg,flame_only,PublicDataset,c8126f0c05275f15ffa20a3cf4d7a89882f88304d5d5438fc5294d199fd6e52a
PublicDataset01073.jpg,flame_only,PublicDataset,3811fe55030059e3fbb3729cddc2f64b9478bfea393b2259dc3326c000cf354d
PublicDataset01080.jpg,flame_only,PublicDataset,90ef589a7fb9d370d3a27686d67e96c1e5681fb4a820fc240f64c4686413d677
PublicDataset01317.jpg,flame_only,PublicDataset,521df34d3c200fe0762063368eb8e660583ccf958604829d2ad95db4415957b6
PublicDataset01329.jpg,flame_only,PublicDataset,905e553f9b76d898316e0207b00b24bc3ce32b96185d10ed22b25ce420ce544a
WEB10444.jpg,flame_only,WEB,35de4729d804bf57f4a4d14ac9862019e1e405e4ef55b306e0ca85e922f3653d
WEB10517.jpg,flame_only,WEB,08dfa44dcbe74be649fe8282456c8b673368a6f66ef4d81f62f82074ac8c75be
WEB10519.jpg,flame_only,WEB,c4a3e223ed20e1f8cc14231acb6a86eb3e5b4150f362ae9145cba6b347c604d6
WEB10641.jpg,flame_only,WEB,b755d4bb5d86b242f1358b67c6156c7ea001838ece9b20b475b8a7371d60b58f
WEB10704.jpg,flame_only,WEB,79b10d3b39357075800d4577fa7a97505d9e8d4a5acbc45ae1769d2e41764b82
WEB10716.jpg,flame_only,WEB,2c0d2d848f79700d008b1b10e87e56db7d72d2f44cf4cef7c9fa0553434d0483
WEB10719.jpg,flame_only,WEB,d502faaf5bc328728925463c1083aa94f36658bff69ce473af26b261b0b74f35
WEB10818.jpg,flame_only,WEB,4eec4c90cf8f36075c1b65e86916930571b91e60b4b4fca8493315d2c83c8198
WEB10820.jpg,flame_only,WEB,1925f033fedb3e87d214e7a1752e86319cf3eafbe4ee1ae11b598a0ae7b4f343
WEB10831.jpg,flame_only,WEB,dc4ba585b66ea4f7f6e9833a0d1f3fe3b7961e7260f01a82f8471a5b58c1ab27
WEB10954.jpg,flame_only,WEB,0541aabf4805fda4b37f247abacfbb2d015e5ebf2b367419e67003f574778cbe
WEB10964.jpg,flame_only,WEB,b31dcf8c8d573d8c006f23c6361ec24ff0c85163a7393a444bec530aaed8acbc
WEB10965.jpg,flame_only,WEB,762dee81499192dacea85897179f713f163657bf39aceab3a33ac78c183a11d5
WEB10967.jpg,flame_only,WEB,e570dda4fc96161bb6bcf325d10177f34238d23beb7603619ddc1e208d115a90
WEB11729.jpg,flame_only,WEB,c0d0d70f7e8b67253fa3a1cf560e69a75dae284faaf84b9ed7af51a6abfb9eeb
WEB11741.jpg,flame_only,WEB,4ecab6a077df1f3679936b9faaed2d7d13b34b24f3bcb48d4bce111d95e9469e
AoF07753.jpg,both,AoF,29c2021f53e47d9f3f880ba7f6f3abbdc8ea776d1ebfe0dd25af51209187c333
AoF07775.jpg,both,AoF,1c15e9a9cf30a30fe9d3317c77df58e714b5ca0ad3f859c8999c463dd712fc20
AoF07817.jpg,both,AoF,a1b18f72bd68e7fd8db43af0d367926991c8455ccc29ac433e2d493dcac27ea9
AoF07898.jpg,both,AoF,810635ad28c81af02efdc7fff72f48a66ded63aee30ae69f8682dbe3d3478f86
AoF07904.jpg,both,AoF,2f7b2bc0383ea142d3e1d959b4d4a02d52277a57d716eb29be7ab7e6997660dd
AoF07925.jpg,both,AoF,6681a753eaeaaad0849105954c8aa69a1bdf8881aada8400b0ef239c5f456ffe
AoF07936.jpg,both,AoF,dd307709a7764679abd23150d46b084d228ebcba63f28a9c525884e63145d86e
AoF07947.jpg,both,AoF,28a096d6002f1a5fc75bcaedea5a59ff8fa11046b93d3b08e74dd2e813dc2374
AoF08067.jpg,both,AoF,cd9b720bb38065e2214ff1227ca38eadf55188e899d035c66f63d7475ab61c41
PublicDataset01239.jpg,both,PublicDataset,05fd6efd0fc60992ef6e24e4267db53a1d0706d3caeb57ea245a20642ca9e797
PublicDataset01324.jpg,both,PublicDataset,fa57a31c29c869495abf6f8c78f28a7baa24d48e58b89e8e8e47f50d6f467ac6
WEB10456.jpg,both,WEB,dcba46902411a3f3e0a8243fed06d672932618d6f104a75349edf4967fb9fa42
WEB10464.jpg,both,WEB,ecbca6077d2de81481ad32c6c7a40f28b1fb362f1b0ac5314fad38a14e38da2e
WEB10471.jpg,both,WEB,64ed9970e05ff2a1e9535f4d8298b88241a74350340a84645fe1f92f54954e5a
WEB10486.jpg,both,WEB,8d948ae53913e20ac861971217f8941c9e2771f68a8656d97de99d4399e20ca3
WEB10487.jpg,both,WEB,caa8b458e2104518ba4c4121a509005cecebbb03992ef744a079755e554f4a64
WEB10492.jpg,both,WEB,d3955b29f03ed4cef5387f4aad3f40f6d440fcfe5f5dd5f1db5a65d71171e780
WEB10505.jpg,both,WEB,cbd3fabe9301d011ac6292da1dfdf38d59cc744b4d67bf24054dc3c079a63969
WEB10523.jpg,both,WEB,3f7ae756c4611587957043357d88d4d6d246ae15ff139d767ba5bf403360a932
WEB10618.jpg,both,WEB,04f04873f1cce56fa36a5b283d7ae6f0a4e95f6bbaf8ec17a6331140029fd98e
WEB10629.jpg,both,WEB,b1c2f997f3fbda840a715d36080d4094b11864603663d2acd0bfb09c850f737e
WEB10646.jpg,both,WEB,891841368a99c65799bf028e7e83247b3bd7b67a691b82a2d5d955e8e754718f
WEB10707.jpg,both,WEB,2a31007cb2e5bdf98a66ac0ac2a145bc093c7c3750cb819c52c01bb250b6bc55
WEB10713.jpg,both,WEB,e1dc16af650afe0b6bb083c42ff459e944e959e542b3cdf89508962fec5943a5
WEB10722.jpg,both,WEB,8e4f81c50c753358c2e03c37ae342f08439ef60fba58e84ab1cce9159b57164e
WEB10730.jpg,both,WEB,65e4766c64ef5cab09c3f2f59ce660b210364021aa9593667757cb9a7cff6b03
WEB10800.jpg,both,WEB,dae21e1bda055268589371509928691b50a25e341e2b517e4ad5d57ae5761afb
WEB10811.jpg,both,WEB,0067e4491abb3633415d646fd06b71b4d1334d8286272ae1fca0d9fb45aa4002
WEB10840.jpg,both,WEB,fff6fe00d4836a7edc1477e84214ba39ed4df15ac0ad8bacb396be4f4f1260e7
WEB10850.jpg,both,WEB,cf1da74a8170d5f06e968eb7df9bc31f547ecf686a0b8abd6df71d2acaa9a29a
WEB10933.jpg,both,WEB,544c220f2bbe79fbe2dbc1e207263d72352ad913085af249371f394df3dcc33b
WEB10945.jpg,both,WEB,154069e9c277ab585ea457cafbe976e87737ba8397c36476c426c43406652930
WEB10955.jpg,both,WEB,73da8d7e605d9cdef673c1962a70843745ac66646e63229f7a070753b57a72fa
WEB11052.jpg,both,WEB,0c28764918f0e0e18c125bda0065092408369951c1a7b97678c9f229fa03b8c7
WEB11074.jpg,both,WEB,2e5c3f91e65a91b31595d6cf37404be4228c09b0b0eb7f696b247619e5c90979
WEB11133.jpg,both,WEB,0d4b040afed6c0abeb0fe5c8d4641e33ea50d64099172337df30e2c33ac88d1d
WEB11193.jpg,both,WEB,5c1017e44c942a9f00d5b7b2bd4b6d740e01251ebd0c29274b9ad26f58bb1c11
WEB11457.jpg,both,WEB,2345631b8dbd13ebec695f29cca7725eaf43e5f136ac4d63d8b7764807cc2d16
WEB11618.jpg,both,WEB,34b1115a96f5b395d1e56c7031f28acd68c4fc3b4d604b9b22d5ce87de9ebdda
WEB11760.jpg,both,WEB,5b8ea24458b197fc7aa29bebe62a1ea81c0f67d0ecd42c675360cfb2c153cb4f
