name,category,source,model,latency_ms,n_detections,max_smoke,max_flame,smoke_025,flame_025,smoke_050,flame_050
AoF06732.jpg,none,AoF,dfine,1567.9,196,0.370869,0.274882,1,1,0,0
AoF06732.jpg,none,AoF,yolo,1153.4,3,0.288711,0.000000,1,0,0,0
AoF06732.jpg,none,AoF,dfire_yolov8n,131.8,0,0.000000,0.000000,0,0,0,0
AoF06732.jpg,none,AoF,soul,140.3,1,0.000000,0.147578,0,0,0,0
AoF06732.jpg,none,AoF,pyronear,603.0,0,0.000000,0.000000,0,0,0,0
AoF06740.jpg,none,AoF,dfine,363.8,40,0.412317,0.000000,1,0,0,0
AoF06740.jpg,none,AoF,yolo,715.9,1,0.125181,0.000000,0,0,0,0
AoF06740.jpg,none,AoF,dfire_yolov8n,61.4,0,0.000000,0.000000,0,0,0,0
AoF06740.jpg,none,AoF,soul,65.2,2,0.000000,0.107491,0,0,0,0
AoF06740.jpg,none,AoF,pyronear,363.3,0,0.000000,0.000000,0,0,0,0
AoF06742.jpg,none,AoF,dfine,426.9,77,0.379905,0.224775,1,0,0,0
AoF06742.jpg,none,AoF,yolo,699.0,1,0.091005,0.000000,0,0,0,0
AoF06742.jpg,none,AoF,dfire_yolov8n,58.4,0,0.000000,0.000000,0,0,0,0
AoF06742.jpg,none,AoF,soul,57.5,2,0.000000,0.068056,0,0,0,0
AoF06742.jpg,none,AoF,pyronear,389.1,0,0.000000,0.000000,0,0,0,0
AoF06894.jpg,none,AoF,dfine,401.4,58,0.239048,0.000000,0,0,0,0
AoF06894.jpg,none,AoF,yolo,705.5,0,0.000000,0.000000,0,0,0,0
AoF06894.jpg,none,AoF,dfire_yolov8n,53.6,0,0.000000,0.000000,0,0,0,0
AoF06894.jpg,none,AoF,soul,54.9,0,0.000000,0.000000,0,0,0,0
AoF06894.jpg,none,AoF,pyronear,322.1,0,0.000000,0.000000,0,0,0,0
AoF06949.jpg,none,AoF,dfine,367.3,21,0.089485,0.000000,0,0,0,0
AoF06949.jpg,none,AoF,yolo,669.1,0,0.000000,0.000000,0,0,0,0
AoF06949.jpg,none,AoF,dfire_yolov8n,58.0,0,0.000000,0.000000,0,0,0,0
AoF06949.jpg,none,AoF,soul,76.8,1,0.000000,0.130285,0,0,0,0
AoF06949.jpg,none,AoF,pyronear,316.9,0,0.000000,0.000000,0,0,0,0
AoF06963.jpg,none,AoF,dfine,367.4,41,0.376708,0.000000,1,0,0,0
AoF06963.jpg,none,AoF,yolo,702.4,0,0.000000,0.000000,0,0,0,0
AoF06963.jpg,none,AoF,dfire_yolov8n,53.3,0,0.000000,0.000000,0,0,0,0
AoF06963.jpg,none,AoF,soul,58.2,0,0.000000,0.000000,0,0,0,0
AoF06963.jpg,none,AoF,pyronear,335.5,0,0.000000,0.000000,0,0,0,0
AoF06990.jpg,none,AoF,dfine,384.7,18,0.498401,0.000000,1,0,0,0
AoF06990.jpg,none,AoF,yolo,666.9,1,0.055569,0.000000,0,0,0,0
AoF06990.jpg,none,AoF,dfire_yolov8n,50.5,1,0.229214,0.000000,0,0,0,0
AoF06990.jpg,none,AoF,soul,51.6,1,0.000000,0.084838,0,0,0,0
AoF06990.jpg,none,AoF,pyronear,331.3,0,0.000000,0.000000,0,0,0,0
AoF07113.jpg,none,AoF,dfine,359.5,202,0.607918,0.637426,1,1,1,1
AoF07113.jpg,none,AoF,yolo,716.9,2,0.317211,0.000000,1,0,0,0
AoF07113.jpg,none,AoF,dfire_yolov8n,61.6,0,0.000000,0.000000,0,0,0,0
AoF07113.jpg,none,AoF,soul,57.2,0,0.000000,0.000000,0,0,0,0
AoF07113.jpg,none,AoF,pyronear,342.5,0,0.000000,0.000000,0,0,0,0
AoF07181.jpg,none,AoF,dfine,390.1,45,0.570006,0.050603,1,0,1,0
AoF07181.jpg,none,AoF,yolo,643.3,2,0.203408,0.000000,0,0,0,0
AoF07181.jpg,none,AoF,dfire_yolov8n,60.8,0,0.000000,0.000000,0,0,0,0
AoF07181.jpg,none,AoF,soul,55.5,0,0.000000,0.000000,0,0,0,0
AoF07181.jpg,none,AoF,pyronear,350.3,2,0.085056,0.000000,0,0,0,0
AoF07204.jpg,none,AoF,dfine,368.6,31,0.352629,0.000000,1,0,0,0
AoF07204.jpg,none,AoF,yolo,638.7,1,0.194060,0.000000,0,0,0,0
AoF07204.jpg,none,AoF,dfire_yolov8n,58.5,0,0.000000,0.000000,0,0,0,0
AoF07204.jpg,none,AoF,soul,57.1,0,0.000000,0.000000,0,0,0,0
AoF07204.jpg,none,AoF,pyronear,335.3,0,0.000000,0.000000,0,0,0,0
AoF07209.jpg,none,AoF,dfine,337.6,25,0.531972,0.066084,1,0,1,0
AoF07209.jpg,none,AoF,yolo,660.2,1,0.089590,0.000000,0,0,0,0
AoF07209.jpg,none,AoF,dfire_yolov8n,52.8,0,0.000000,0.000000,0,0,0,0
AoF07209.jpg,none,AoF,soul,57.4,0,0.000000,0.000000,0,0,0,0
AoF07209.jpg,none,AoF,pyronear,334.4,0,0.000000,0.000000,0,0,0,0
AoF07265.jpg,none,AoF,dfine,356.7,7,0.217076,0.000000,0,0,0,0
AoF07265.jpg,none,AoF,yolo,647.6,0,0.000000,0.000000,0,0,0,0
AoF07265.jpg,none,AoF,dfire_yolov8n,49.1,0,0.000000,0.000000,0,0,0,0
AoF07265.jpg,none,AoF,soul,52.4,0,0.000000,0.000000,0,0,0,0
AoF07265.jpg,none,AoF,pyronear,313.3,0,0.000000,0.000000,0,0,0,0
AoF07328.jpg,none,AoF,dfine,368.1,13,0.766120,0.051143,1,0,1,0
AoF07328.jpg,none,AoF,yolo,634.5,1,0.691739,0.000000,1,0,1,0
AoF07328.jpg,none,AoF,dfire_yolov8n,54.1,0,0.000000,0.000000,0,0,0,0
AoF07328.jpg,none,AoF,soul,53.5,0,0.000000,0.000000,0,0,0,0
AoF07328.jpg,none,AoF,pyronear,315.1,0,0.000000,0.000000,0,0,0,0
AoF07398.jpg,none,AoF,dfine,378.3,134,0.447821,0.461245,1,1,0,0
AoF07398.jpg,none,AoF,yolo,631.5,3,0.458891,0.000000,1,0,0,0
AoF07398.jpg,none,AoF,dfire_yolov8n,48.4,0,0.000000,0.000000,0,0,0,0
AoF07398.jpg,none,AoF,soul,47.4,0,0.000000,0.000000,0,0,0,0
AoF07398.jpg,none,AoF,pyronear,333.9,0,0.000000,0.000000,0,0,0,0
AoF07427.jpg,none,AoF,dfine,390.8,48,0.192276,0.159763,0,0,0,0
AoF07427.jpg,none,AoF,yolo,651.4,0,0.000000,0.000000,0,0,0,0
AoF07427.jpg,none,AoF,dfire_yolov8n,45.9,0,0.000000,0.000000,0,0,0,0
AoF07427.jpg,none,AoF,soul,64.8,0,0.000000,0.000000,0,0,0,0
AoF07427.jpg,none,AoF,pyronear,301.8,0,0.000000,0.000000,0,0,0,0
AoF07528.jpg,none,AoF,dfine,355.7,32,0.718904,0.087976,1,0,1,0
AoF07528.jpg,none,AoF,yolo,644.5,1,0.077588,0.000000,0,0,0,0
AoF07528.jpg,none,AoF,dfire_yolov8n,48.8,0,0.000000,0.000000,0,0,0,0
AoF07528.jpg,none,AoF,soul,54.5,0,0.000000,0.000000,0,0,0,0
AoF07528.jpg,none,AoF,pyronear,349.0,0,0.000000,0.000000,0,0,0,0
AoF07608.jpg,none,AoF,dfine,355.8,0,0.000000,0.000000,0,0,0,0
AoF07608.jpg,none,AoF,yolo,680.9,0,0.000000,0.000000,0,0,0,0
AoF07608.jpg,none,AoF,dfire_yolov8n,53.8,0,0.000000,0.000000,0,0,0,0
AoF07608.jpg,none,AoF,soul,63.6,1,0.000000,0.175306,0,0,0,0
AoF07608.jpg,none,AoF,pyronear,336.3,0,0.000000,0.000000,0,0,0,0
AoF07663.jpg,none,AoF,dfine,370.3,58,0.233364,0.397272,0,1,0,0
AoF07663.jpg,none,AoF,yolo,665.6,0,0.000000,0.000000,0,0,0,0
AoF07663.jpg,none,AoF,dfire_yolov8n,63.1,2,0.110264,0.099124,0,0,0,0
AoF07663.jpg,none,AoF,soul,53.6,2,0.000000,0.153774,0,0,0,0
AoF07663.jpg,none,AoF,pyronear,332.2,2,0.295293,0.000000,1,0,0,0
WEB09444.jpg,none,WEB,dfine,364.7,33,0.470676,0.000000,1,0,0,0
WEB09444.jpg,none,WEB,yolo,759.4,0,0.000000,0.000000,0,0,0,0
WEB09444.jpg,none,WEB,dfire_yolov8n,59.1,0,0.000000,0.000000,0,0,0,0
WEB09444.jpg,none,WEB,soul,55.4,0,0.000000,0.000000,0,0,0,0
WEB09444.jpg,none,WEB,pyronear,358.9,0,0.000000,0.000000,0,0,0,0
WEB09492.jpg,none,WEB,dfine,431.1,32,0.285908,0.000000,1,0,0,0
WEB09492.jpg,none,WEB,yolo,731.5,0,0.000000,0.000000,0,0,0,0
WEB09492.jpg,none,WEB,dfire_yolov8n,60.2,0,0.000000,0.000000,0,0,0,0
WEB09492.jpg,none,WEB,soul,72.9,0,0.000000,0.000000,0,0,0,0
WEB09492.jpg,none,WEB,pyronear,451.7,0,0.000000,0.000000,0,0,0,0
WEB09507.jpg,none,WEB,dfine,443.3,33,0.488680,0.000000,1,0,0,0
WEB09507.jpg,none,WEB,yolo,643.5,1,0.062253,0.000000,0,0,0,0
WEB09507.jpg,none,WEB,dfire_yolov8n,48.4,0,0.000000,0.000000,0,0,0,0
WEB09507.jpg,none,WEB,soul,61.9,2,0.000000,0.116397,0,0,0,0
WEB09507.jpg,none,WEB,pyronear,341.4,0,0.000000,0.000000,0,0,0,0
WEB09607.jpg,none,WEB,dfine,340.4,46,0.140239,0.000000,0,0,0,0
WEB09607.jpg,none,WEB,yolo,712.3,1,0.138593,0.000000,0,0,0,0
WEB09607.jpg,none,WEB,dfire_yolov8n,50.0,0,0.000000,0.000000,0,0,0,0
WEB09607.jpg,none,WEB,soul,59.7,0,0.000000,0.000000,0,0,0,0
WEB09607.jpg,none,WEB,pyronear,323.7,0,0.000000,0.000000,0,0,0,0
WEB09608.jpg,none,WEB,dfine,407.1,113,0.800787,0.090542,1,0,1,0
WEB09608.jpg,none,WEB,yolo,768.8,2,0.733820,0.000000,1,0,1,0
WEB09608.jpg,none,WEB,dfire_yolov8n,52.7,0,0.000000,0.000000,0,0,0,0
WEB09608.jpg,none,WEB,soul,59.8,0,0.000000,0.000000,0,0,0,0
WEB09608.jpg,none,WEB,pyronear,335.9,1,0.069772,0.000000,0,0,0,0
WEB09642.jpg,none,WEB,dfine,424.7,2,0.064431,0.000000,0,0,0,0
WEB09642.jpg,none,WEB,yolo,710.1,1,0.451056,0.000000,1,0,0,0
WEB09642.jpg,none,WEB,dfire_yolov8n,56.3,0,0.000000,0.000000,0,0,0,0
WEB09642.jpg,none,WEB,soul,49.1,0,0.000000,0.000000,0,0,0,0
WEB09642.jpg,none,WEB,pyronear,385.1,0,0.000000,0.000000,0,0,0,0
WEB09668.jpg,none,WEB,dfine,404.8,123,0.404140,0.083229,1,0,0,0
WEB09668.jpg,none,WEB,yolo,632.8,0,0.000000,0.000000,0,0,0,0
WEB09668.jpg,none,WEB,dfire_yolov8n,55.3,0,0.000000,0.000000,0,0,0,0
WEB09668.jpg,none,WEB,soul,50.0,0,0.000000,0.000000,0,0,0,0
WEB09668.jpg,none,WEB,pyronear,275.3,0,0.000000,0.000000,0,0,0,0
WEB09703.jpg,none,WEB,dfine,331.2,4,0.104940,0.000000,0,0,0,0
WEB09703.jpg,none,WEB,yolo,564.1,0,0.000000,0.000000,0,0,0,0
WEB09703.jpg,none,WEB,dfire_yolov8n,35.9,0,0.000000,0.000000,0,0,0,0
WEB09703.jpg,none,WEB,soul,43.4,0,0.000000,0.000000,0,0,0,0
WEB09703.jpg,none,WEB,pyronear,257.1,0,0.000000,0.000000,0,0,0,0
WEB09704.jpg,none,WEB,dfine,328.4,177,0.443782,0.300828,1,1,0,0
WEB09704.jpg,none,WEB,yolo,556.2,0,0.000000,0.000000,0,0,0,0
WEB09704.jpg,none,WEB,dfire_yolov8n,37.5,0,0.000000,0.000000,0,0,0,0
WEB09704.jpg,none,WEB,soul,47.3,0,0.000000,0.000000,0,0,0,0
WEB09704.jpg,none,WEB,pyronear,268.4,0,0.000000,0.000000,0,0,0,0
WEB09806.jpg,none,WEB,dfine,330.5,21,0.085745,0.157504,0,0,0,0
WEB09806.jpg,none,WEB,yolo,542.5,0,0.000000,0.000000,0,0,0,0
WEB09806.jpg,none,WEB,dfire_yolov8n,41.0,0,0.000000,0.000000,0,0,0,0
WEB09806.jpg,none,WEB,soul,46.1,0,0.000000,0.000000,0,0,0,0
WEB09806.jpg,none,WEB,pyronear,313.1,0,0.000000,0.000000,0,0,0,0
WEB09833.jpg,none,WEB,dfine,359.5,26,0.273744,0.000000,1,0,0,0
WEB09833.jpg,none,WEB,yolo,570.9,0,0.000000,0.000000,0,0,0,0
WEB09833.jpg,none,WEB,dfire_yolov8n,46.1,0,0.000000,0.000000,0,0,0,0
WEB09833.jpg,none,WEB,soul,43.2,0,0.000000,0.000000,0,0,0,0
WEB09833.jpg,none,WEB,pyronear,286.0,0,0.000000,0.000000,0,0,0,0
WEB09868.jpg,none,WEB,dfine,310.0,0,0.000000,0.000000,0,0,0,0
WEB09868.jpg,none,WEB,yolo,534.0,0,0.000000,0.000000,0,0,0,0
WEB09868.jpg,none,WEB,dfire_yolov8n,45.9,0,0.000000,0.000000,0,0,0,0
WEB09868.jpg,none,WEB,soul,46.9,1,0.000000,0.732636,0,1,0,1
WEB09868.jpg,none,WEB,pyronear,261.8,0,0.000000,0.000000,0,0,0,0
WEB09965.jpg,none,WEB,dfine,308.0,2,0.091725,0.000000,0,0,0,0
WEB09965.jpg,none,WEB,yolo,533.4,0,0.000000,0.000000,0,0,0,0
WEB09965.jpg,none,WEB,dfire_yolov8n,41.7,0,0.000000,0.000000,0,0,0,0
WEB09965.jpg,none,WEB,soul,51.4,1,0.000000,0.066987,0,0,0,0
WEB09965.jpg,none,WEB,pyronear,262.6,0,0.000000,0.000000,0,0,0,0
WEB09991.jpg,none,WEB,dfine,309.8,7,0.257552,0.069848,1,0,0,0
WEB09991.jpg,none,WEB,yolo,535.7,0,0.000000,0.000000,0,0,0,0
WEB09991.jpg,none,WEB,dfire_yolov8n,42.5,0,0.000000,0.000000,0,0,0,0
WEB09991.jpg,none,WEB,soul,60.7,0,0.000000,0.000000,0,0,0,0
WEB09991.jpg,none,WEB,pyronear,277.7,1,0.364385,0.000000,1,0,0,0
WEB10055.jpg,none,WEB,dfine,294.5,139,0.495767,0.056643,1,0,0,0
WEB10055.jpg,none,WEB,yolo,541.3,1,0.176723,0.000000,0,0,0,0
WEB10055.jpg,none,WEB,dfire_yolov8n,40.2,0,0.000000,0.000000,0,0,0,0
WEB10055.jpg,none,WEB,soul,47.9,0,0.000000,0.000000,0,0,0,0
WEB10055.jpg,none,WEB,pyronear,286.1,1,0.078572,0.000000,0,0,0,0
WEB10070.jpg,none,WEB,dfine,289.6,45,0.528394,0.000000,1,0,1,0
WEB10070.jpg,none,WEB,yolo,587.2,1,0.064480,0.000000,0,0,0,0
WEB10070.jpg,none,WEB,dfire_yolov8n,46.9,0,0.000000,0.000000,0,0,0,0
WEB10070.jpg,none,WEB,soul,55.1,4,0.000000,0.132393,0,0,0,0
WEB10070.jpg,none,WEB,pyronear,269.7,0,0.000000,0.000000,0,0,0,0
WEB10141.jpg,none,WEB,dfine,330.6,65,0.119054,0.325691,0,1,0,0
WEB10141.jpg,none,WEB,yolo,522.8,0,0.000000,0.000000,0,0,0,0
WEB10141.jpg,none,WEB,dfire_yolov8n,42.0,0,0.000000,0.000000,0,0,0,0
WEB10141.jpg,none,WEB,soul,43.2,4,0.000000,0.508358,0,1,0,1
WEB10141.jpg,none,WEB,pyronear,342.7,0,0.000000,0.000000,0,0,0,0
WEB10211.jpg,none,WEB,dfine,339.1,0,0.000000,0.000000,0,0,0,0
WEB10211.jpg,none,WEB,yolo,520.9,0,0.000000,0.000000,0,0,0,0
WEB10211.jpg,none,WEB,dfire_yolov8n,40.5,0,0.000000,0.000000,0,0,0,0
WEB10211.jpg,none,WEB,soul,53.4,3,0.000000,0.599086,0,1,0,1
WEB10211.jpg,none,WEB,pyronear,266.5,0,0.000000,0.000000,0,0,0,0
WEB10256.jpg,none,WEB,dfine,347.3,73,0.439428,0.000000,1,0,0,0
WEB10256.jpg,none,WEB,yolo,573.1,0,0.000000,0.000000,0,0,0,0
WEB10256.jpg,none,WEB,dfire_yolov8n,39.3,0,0.000000,0.000000,0,0,0,0
WEB10256.jpg,none,WEB,soul,56.2,0,0.000000,0.000000,0,0,0,0
WEB10256.jpg,none,WEB,pyronear,276.2,0,0.000000,0.000000,0,0,0,0
WEB10358.jpg,none,WEB,dfine,312.1,5,0.097427,0.000000,0,0,0,0
WEB10358.jpg,none,WEB,yolo,577.8,0,0.000000,0.000000,0,0,0,0
WEB10358.jpg,none,WEB,dfire_yolov8n,41.8,0,0.000000,0.000000,0,0,0,0
WEB10358.jpg,none,WEB,soul,41.1,0,0.000000,0.000000,0,0,0,0
WEB10358.jpg,none,WEB,pyronear,246.2,0,0.000000,0.000000,0,0,0,0
WEB10362.jpg,none,WEB,dfine,342.3,0,0.000000,0.000000,0,0,0,0
WEB10362.jpg,none,WEB,yolo,526.6,1,0.070121,0.000000,0,0,0,0
WEB10362.jpg,none,WEB,dfire_yolov8n,38.6,0,0.000000,0.000000,0,0,0,0
WEB10362.jpg,none,WEB,soul,50.8,13,0.000000,0.290306,0,1,0,0
WEB10362.jpg,none,WEB,pyronear,241.2,1,0.051456,0.000000,0,0,0,0
WEB10384.jpg,none,WEB,dfine,333.3,7,0.153073,0.000000,0,0,0,0
WEB10384.jpg,none,WEB,yolo,517.2,1,0.126503,0.000000,0,0,0,0
WEB10384.jpg,none,WEB,dfire_yolov8n,40.5,0,0.000000,0.000000,0,0,0,0
WEB10384.jpg,none,WEB,soul,49.5,2,0.000000,0.094952,0,0,0,0
WEB10384.jpg,none,WEB,pyronear,286.4,1,0.129812,0.000000,0,0,0,0
AoF08022.jpg,smoke_only,AoF,dfine,319.3,84,0.368406,0.000000,1,0,0,0
AoF08022.jpg,smoke_only,AoF,yolo,545.0,0,0.000000,0.000000,0,0,0,0
AoF08022.jpg,smoke_only,AoF,dfire_yolov8n,44.9,1,0.345296,0.000000,1,0,0,0
AoF08022.jpg,smoke_only,AoF,soul,50.1,1,0.000000,0.050821,0,0,0,0
AoF08022.jpg,smoke_only,AoF,pyronear,288.9,1,0.062878,0.000000,0,0,0,0
AoF08040.jpg,smoke_only,AoF,dfine,333.9,12,0.649918,0.000000,1,0,1,0
AoF08040.jpg,smoke_only,AoF,yolo,555.2,1,0.094090,0.000000,0,0,0,0
AoF08040.jpg,smoke_only,AoF,dfire_yolov8n,48.1,3,0.277323,0.000000,1,0,0,0
AoF08040.jpg,smoke_only,AoF,soul,55.5,0,0.000000,0.000000,0,0,0,0
AoF08040.jpg,smoke_only,AoF,pyronear,304.3,0,0.000000,0.000000,0,0,0,0
AoF08045.jpg,smoke_only,AoF,dfine,327.7,26,0.829953,0.000000,1,0,1,0
AoF08045.jpg,smoke_only,AoF,yolo,561.0,1,0.520875,0.000000,1,0,1,0
AoF08045.jpg,smoke_only,AoF,dfire_yolov8n,40.4,1,0.740600,0.000000,1,0,1,0
AoF08045.jpg,smoke_only,AoF,soul,39.0,0,0.000000,0.000000,0,0,0,0
AoF08045.jpg,smoke_only,AoF,pyronear,267.2,1,0.613348,0.000000,1,0,1,0
AoF08063.jpg,smoke_only,AoF,dfine,319.9,61,0.643281,0.000000,1,0,1,0
AoF08063.jpg,smoke_only,AoF,yolo,552.0,1,0.255687,0.000000,1,0,0,0
AoF08063.jpg,smoke_only,AoF,dfire_yolov8n,41.1,2,0.648295,0.000000,1,0,1,0
AoF08063.jpg,smoke_only,AoF,soul,51.3,1,0.000000,0.075676,0,0,0,0
AoF08063.jpg,smoke_only,AoF,pyronear,271.8,1,0.220884,0.000000,0,0,0,0
AoF08120.jpg,smoke_only,AoF,dfine,312.8,1,0.535181,0.000000,1,0,1,0
AoF08120.jpg,smoke_only,AoF,yolo,520.8,1,0.067555,0.000000,0,0,0,0
AoF08120.jpg,smoke_only,AoF,dfire_yolov8n,41.4,1,0.599927,0.000000,1,0,1,0
AoF08120.jpg,smoke_only,AoF,soul,48.8,0,0.000000,0.000000,0,0,0,0
AoF08120.jpg,smoke_only,AoF,pyronear,274.0,1,0.070879,0.000000,0,0,0,0
AoF08145.jpg,smoke_only,AoF,dfine,279.5,4,0.449012,0.000000,1,0,0,0
AoF08145.jpg,smoke_only,AoF,yolo,569.6,1,0.284919,0.000000,1,0,0,0
AoF08145.jpg,smoke_only,AoF,dfire_yolov8n,43.9,1,0.720591,0.000000,1,0,1,0
AoF08145.jpg,smoke_only,AoF,soul,44.7,1,0.000000,0.058506,0,0,0,0
AoF08145.jpg,smoke_only,AoF,pyronear,281.2,0,0.000000,0.000000,0,0,0,0
AoF08208.jpg,smoke_only,AoF,dfine,305.3,13,0.106580,0.000000,0,0,0,0
AoF08208.jpg,smoke_only,AoF,yolo,538.9,0,0.000000,0.000000,0,0,0,0
AoF08208.jpg,smoke_only,AoF,dfire_yolov8n,42.6,0,0.000000,0.000000,0,0,0,0
AoF08208.jpg,smoke_only,AoF,soul,48.5,1,0.000000,0.084020,0,0,0,0
AoF08208.jpg,smoke_only,AoF,pyronear,272.3,0,0.000000,0.000000,0,0,0,0
AoF08214.jpg,smoke_only,AoF,dfine,314.6,22,0.256932,0.080076,1,0,0,0
AoF08214.jpg,smoke_only,AoF,yolo,529.9,2,0.155069,0.000000,0,0,0,0
AoF08214.jpg,smoke_only,AoF,dfire_yolov8n,40.1,2,0.704788,0.000000,1,0,1,0
AoF08214.jpg,smoke_only,AoF,soul,46.7,0,0.000000,0.000000,0,0,0,0
AoF08214.jpg,smoke_only,AoF,pyronear,284.6,4,0.656807,0.000000,1,0,1,0
AoF08242.jpg,smoke_only,AoF,dfine,312.2,52,0.731039,0.097816,1,0,1,0
AoF08242.jpg,smoke_only,AoF,yolo,553.0,1,0.375480,0.000000,1,0,0,0
AoF08242.jpg,smoke_only,AoF,dfire_yolov8n,47.9,2,0.675589,0.000000,1,0,1,0
AoF08242.jpg,smoke_only,AoF,soul,52.6,0,0.000000,0.000000,0,0,0,0
AoF08242.jpg,smoke_only,AoF,pyronear,267.4,1,0.558350,0.000000,1,0,1,0
AoF08282.jpg,smoke_only,AoF,dfine,302.4,60,0.615555,0.184049,1,0,1,0
AoF08282.jpg,smoke_only,AoF,yolo,543.2,3,0.194152,0.000000,0,0,0,0
AoF08282.jpg,smoke_only,AoF,dfire_yolov8n,42.3,3,0.247443,0.000000,0,0,0,0
AoF08282.jpg,smoke_only,AoF,soul,46.2,0,0.000000,0.000000,0,0,0,0
AoF08282.jpg,smoke_only,AoF,pyronear,288.7,1,0.118761,0.000000,0,0,0,0
AoF08309.jpg,smoke_only,AoF,dfine,317.1,43,0.326872,0.287677,1,1,0,0
AoF08309.jpg,smoke_only,AoF,yolo,542.7,0,0.000000,0.000000,0,0,0,0
AoF08309.jpg,smoke_only,AoF,dfire_yolov8n,47.8,1,0.630125,0.000000,1,0,1,0
AoF08309.jpg,smoke_only,AoF,soul,51.4,1,0.000000,0.053527,0,0,0,0
AoF08309.jpg,smoke_only,AoF,pyronear,288.6,1,0.051329,0.000000,0,0,0,0
AoF08347.jpg,smoke_only,AoF,dfine,287.4,44,0.724245,0.000000,1,0,1,0
AoF08347.jpg,smoke_only,AoF,yolo,554.1,3,0.211369,0.000000,0,0,0,0
AoF08347.jpg,smoke_only,AoF,dfire_yolov8n,40.2,1,0.595580,0.000000,1,0,1,0
AoF08347.jpg,smoke_only,AoF,soul,44.2,2,0.000000,0.074845,0,0,0,0
AoF08347.jpg,smoke_only,AoF,pyronear,298.9,0,0.000000,0.000000,0,0,0,0
AoF08382.jpg,smoke_only,AoF,dfine,366.8,110,0.501474,0.000000,1,0,1,0
AoF08382.jpg,smoke_only,AoF,yolo,542.2,1,0.058711,0.000000,0,0,0,0
AoF08382.jpg,smoke_only,AoF,dfire_yolov8n,40.2,1,0.490094,0.000000,1,0,0,0
AoF08382.jpg,smoke_only,AoF,soul,47.3,0,0.000000,0.000000,0,0,0,0
AoF08382.jpg,smoke_only,AoF,pyronear,264.9,0,0.000000,0.000000,0,0,0,0
PublicDataset01151.jpg,smoke_only,PublicDataset,dfine,328.8,19,0.714848,0.000000,1,0,1,0
PublicDataset01151.jpg,smoke_only,PublicDataset,yolo,543.4,2,0.556855,0.000000,1,0,1,0
PublicDataset01151.jpg,smoke_only,PublicDataset,dfire_yolov8n,45.2,1,0.510902,0.000000,1,0,1,0
PublicDataset01151.jpg,smoke_only,PublicDataset,soul,43.1,1,0.000000,0.076523,0,0,0,0
PublicDataset01151.jpg,smoke_only,PublicDataset,pyronear,258.4,1,0.426337,0.000000,1,0,0,0
PublicDataset01152.jpg,smoke_only,PublicDataset,dfine,322.8,50,0.547462,0.000000,1,0,1,0
PublicDataset01152.jpg,smoke_only,PublicDataset,yolo,563.0,2,0.706351,0.000000,1,0,1,0
PublicDataset01152.jpg,smoke_only,PublicDataset,dfire_yolov8n,37.2,3,0.388135,0.000000,1,0,0,0
PublicDataset01152.jpg,smoke_only,PublicDataset,soul,47.8,0,0.000000,0.000000,0,0,0,0
PublicDataset01152.jpg,smoke_only,PublicDataset,pyronear,240.5,1,0.610103,0.000000,1,0,1,0
PublicDataset01201.jpg,smoke_only,PublicDataset,dfine,320.0,51,0.873216,0.060492,1,0,1,0
PublicDataset01201.jpg,smoke_only,PublicDataset,yolo,534.4,2,0.411220,0.000000,1,0,0,0
PublicDataset01201.jpg,smoke_only,PublicDataset,dfire_yolov8n,40.0,1,0.751410,0.000000,1,0,1,0
PublicDataset01201.jpg,smoke_only,PublicDataset,soul,44.3,0,0.000000,0.000000,0,0,0,0
PublicDataset01201.jpg,smoke_only,PublicDataset,pyronear,263.3,1,0.127566,0.000000,0,0,0,0
PublicDataset01261.jpg,smoke_only,PublicDataset,dfine,338.7,10,0.738079,0.069208,1,0,1,0
PublicDataset01261.jpg,smoke_only,PublicDataset,yolo,546.4,2,0.486233,0.078154,1,0,0,0
PublicDataset01261.jpg,smoke_only,PublicDataset,dfire_yolov8n,45.3,2,0.491861,0.000000,1,0,0,0
PublicDataset01261.jpg,smoke_only,PublicDataset,soul,52.0,0,0.000000,0.000000,0,0,0,0
PublicDataset01261.jpg,smoke_only,PublicDataset,pyronear,258.0,1,0.583479,0.000000,1,0,1,0
PublicDataset01273.jpg,smoke_only,PublicDataset,dfine,305.8,3,0.820361,0.000000,1,0,1,0
PublicDataset01273.jpg,smoke_only,PublicDataset,yolo,539.6,1,0.656833,0.000000,1,0,1,0
PublicDataset01273.jpg,smoke_only,PublicDataset,dfire_yolov8n,38.2,1,0.762962,0.000000,1,0,1,0
PublicDataset01273.jpg,smoke_only,PublicDataset,soul,48.1,1,0.000000,0.118484,0,0,0,0
PublicDataset01273.jpg,smoke_only,PublicDataset,pyronear,261.4,1,0.767464,0.000000,1,0,1,0
WEB11014.jpg,smoke_only,WEB,dfine,311.6,44,0.872937,0.000000,1,0,1,0
WEB11014.jpg,smoke_only,WEB,yolo,527.5,3,0.750303,0.000000,1,0,1,0
WEB11014.jpg,smoke_only,WEB,dfire_yolov8n,41.0,1,0.860592,0.000000,1,0,1,0
WEB11014.jpg,smoke_only,WEB,soul,49.9,0,0.000000,0.000000,0,0,0,0
WEB11014.jpg,smoke_only,WEB,pyronear,268.9,1,0.165285,0.000000,0,0,0,0
WEB11048.jpg,smoke_only,WEB,dfine,313.6,16,0.779545,0.000000,1,0,1,0
WEB11048.jpg,smoke_only,WEB,yolo,544.6,1,0.855833,0.000000,1,0,1,0
WEB11048.jpg,smoke_only,WEB,dfire_yolov8n,38.9,1,0.741149,0.000000,1,0,1,0
WEB11048.jpg,smoke_only,WEB,soul,46.5,0,0.000000,0.000000,0,0,0,0
WEB11048.jpg,smoke_only,WEB,pyronear,288.1,0,0.000000,0.000000,0,0,0,0
WEB11122.jpg,smoke_only,WEB,dfine,307.8,2,0.886592,0.000000,1,0,1,0
WEB11122.jpg,smoke_only,WEB,yolo,550.3,2,0.883068,0.000000,1,0,1,0
WEB11122.jpg,smoke_only,WEB,dfire_yolov8n,41.7,2,0.882939,0.000000,1,0,1,0
WEB11122.jpg,smoke_only,WEB,soul,50.7,2,0.000000,0.815368,0,1,0,1
WEB11122.jpg,smoke_only,WEB,pyronear,303.1,2,0.845268,0.000000,1,0,1,0
WEB11160.jpg,smoke_only,WEB,dfine,359.7,180,0.896839,0.685980,1,1,1,1
WEB11160.jpg,smoke_only,WEB,yolo,561.3,20,0.558186,0.616546,1,1,1,1
WEB11160.jpg,smoke_only,WEB,dfire_yolov8n,39.0,22,0.911587,0.554519,1,1,1,1
WEB11160.jpg,smoke_only,WEB,soul,43.4,10,0.000000,0.394863,0,1,0,0
WEB11160.jpg,smoke_only,WEB,pyronear,280.7,1,0.061487,0.000000,0,0,0,0
WEB11167.jpg,smoke_only,WEB,dfine,353.5,90,0.596490,0.114707,1,0,1,0
WEB11167.jpg,smoke_only,WEB,yolo,578.5,6,0.341205,0.000000,1,0,0,0
WEB11167.jpg,smoke_only,WEB,dfire_yolov8n,41.0,2,0.666991,0.000000,1,0,1,0
WEB11167.jpg,smoke_only,WEB,soul,46.9,11,0.000000,0.475395,0,1,0,0
WEB11167.jpg,smoke_only,WEB,pyronear,267.0,3,0.327299,0.000000,1,0,0,0
WEB11280.jpg,smoke_only,WEB,dfine,293.2,117,0.708793,0.157576,1,0,1,0
WEB11280.jpg,smoke_only,WEB,yolo,564.8,5,0.326470,0.000000,1,0,0,0
WEB11280.jpg,smoke_only,WEB,dfire_yolov8n,45.1,3,0.536536,0.000000,1,0,1,0
WEB11280.jpg,smoke_only,WEB,soul,53.2,2,0.000000,0.087627,0,0,0,0
WEB11280.jpg,smoke_only,WEB,pyronear,270.7,0,0.000000,0.000000,0,0,0,0
WEB11331.jpg,smoke_only,WEB,dfine,313.5,68,0.746918,0.559735,1,1,1,1
WEB11331.jpg,smoke_only,WEB,yolo,532.7,3,0.677971,0.401113,1,1,1,0
WEB11331.jpg,smoke_only,WEB,dfire_yolov8n,37.2,2,0.822291,0.166399,1,0,1,0
WEB11331.jpg,smoke_only,WEB,soul,44.0,2,0.000000,0.526680,0,1,0,1
WEB11331.jpg,smoke_only,WEB,pyronear,253.7,0,0.000000,0.000000,0,0,0,0
WEB11347.jpg,smoke_only,WEB,dfine,394.9,30,0.744960,0.058541,1,0,1,0
WEB11347.jpg,smoke_only,WEB,yolo,583.3,2,0.167012,0.000000,0,0,0,0
WEB11347.jpg,smoke_only,WEB,dfire_yolov8n,43.5,2,0.315400,0.000000,1,0,0,0
WEB11347.jpg,smoke_only,WEB,soul,48.8,1,0.000000,0.055025,0,0,0,0
WEB11347.jpg,smoke_only,WEB,pyronear,257.3,0,0.000000,0.000000,0,0,0,0
WEB11351.jpg,smoke_only,WEB,dfine,350.5,13,0.843554,0.075014,1,0,1,0
WEB11351.jpg,smoke_only,WEB,yolo,562.3,2,0.166707,0.000000,0,0,0,0
WEB11351.jpg,smoke_only,WEB,dfire_yolov8n,40.0,3,0.204167,0.000000,0,0,0,0
WEB11351.jpg,smoke_only,WEB,soul,51.1,0,0.000000,0.000000,0,0,0,0
WEB11351.jpg,smoke_only,WEB,pyronear,274.2,0,0.000000,0.000000,0,0,0,0
WEB11370.jpg,smoke_only,WEB,dfine,311.9,86,0.916614,0.058322,1,0,1,0
WEB11370.jpg,smoke_only,WEB,yolo,577.7,1,0.602593,0.000000,1,0,1,0
WEB11370.jpg,smoke_only,WEB,dfire_yolov8n,41.2,1,0.676727,0.000000,1,0,1,0
WEB11370.jpg,smoke_only,WEB,soul,44.6,0,0.000000,0.000000,0,0,0,0
WEB11370.jpg,smoke_only,WEB,pyronear,272.6,2,0.500914,0.000000,1,0,1,0
WEB11405.jpg,smoke_only,WEB,dfine,330.7,3,0.847808,0.000000,1,0,1,0
WEB11405.jpg,smoke_only,WEB,yolo,764.1,1,0.685874,0.000000,1,0,1,0
WEB11405.jpg,smoke_only,WEB,dfire_yolov8n,52.3,2,0.813641,0.000000,1,0,1,0
WEB11405.jpg,smoke_only,WEB,soul,62.3,0,0.000000,0.000000,0,0,0,0
WEB11405.jpg,smoke_only,WEB,pyronear,304.5,2,0.650998,0.000000,1,0,1,0
WEB11449.jpg,smoke_only,WEB,dfine,362.5,63,0.947864,0.270322,1,1,1,0
WEB11449.jpg,smoke_only,WEB,yolo,821.1,2,0.784339,0.056430,1,0,1,0
WEB11449.jpg,smoke_only,WEB,dfire_yolov8n,62.2,1,0.854692,0.000000,1,0,1,0
WEB11449.jpg,smoke_only,WEB,soul,50.0,0,0.000000,0.000000,0,0,0,0
WEB11449.jpg,smoke_only,WEB,pyronear,307.9,1,0.136957,0.000000,0,0,0,0
WEB11516.jpg,smoke_only,WEB,dfine,427.6,37,0.868154,0.196925,1,0,1,0
WEB11516.jpg,smoke_only,WEB,yolo,712.1,1,0.786343,0.000000,1,0,1,0
WEB11516.jpg,smoke_only,WEB,dfire_yolov8n,53.1,2,0.679605,0.061390,1,0,1,0
WEB11516.jpg,smoke_only,WEB,soul,50.3,1,0.000000,0.221901,0,0,0,0
WEB11516.jpg,smoke_only,WEB,pyronear,331.7,0,0.000000,0.000000,0,0,0,0
WEB11552.jpg,smoke_only,WEB,dfine,420.5,144,0.630525,0.071820,1,0,1,0
WEB11552.jpg,smoke_only,WEB,yolo,1051.9,3,0.497016,0.000000,1,0,0,0
WEB11552.jpg,smoke_only,WEB,dfire_yolov8n,51.8,1,0.785150,0.000000,1,0,1,0
WEB11552.jpg,smoke_only,WEB,soul,69.5,1,0.000000,0.137613,0,0,0,0
WEB11552.jpg,smoke_only,WEB,pyronear,379.2,0,0.000000,0.000000,0,0,0,0
WEB11565.jpg,smoke_only,WEB,dfine,436.7,81,0.726972,0.181507,1,0,1,0
WEB11565.jpg,smoke_only,WEB,yolo,854.7,4,0.428968,0.000000,1,0,0,0
WEB11565.jpg,smoke_only,WEB,dfire_yolov8n,53.6,1,0.714025,0.000000,1,0,1,0
WEB11565.jpg,smoke_only,WEB,soul,52.3,0,0.000000,0.000000,0,0,0,0
WEB11565.jpg,smoke_only,WEB,pyronear,415.1,2,0.136073,0.000000,0,0,0,0
WEB11594.jpg,smoke_only,WEB,dfine,448.5,32,0.928200,0.000000,1,0,1,0
WEB11594.jpg,smoke_only,WEB,yolo,1036.2,3,0.700509,0.000000,1,0,1,0
WEB11594.jpg,smoke_only,WEB,dfire_yolov8n,70.0,5,0.845433,0.052177,1,0,1,0
WEB11594.jpg,smoke_only,WEB,soul,65.2,0,0.000000,0.000000,0,0,0,0
WEB11594.jpg,smoke_only,WEB,pyronear,384.0,4,0.372458,0.000000,1,0,0,0
WEB11604.jpg,smoke_only,WEB,dfine,559.1,76,0.809702,0.081073,1,0,1,0
WEB11604.jpg,smoke_only,WEB,yolo,1127.3,3,0.553497,0.000000,1,0,1,0
WEB11604.jpg,smoke_only,WEB,dfire_yolov8n,68.7,1,0.788181,0.000000,1,0,1,0
WEB11604.jpg,smoke_only,WEB,soul,71.6,0,0.000000,0.000000,0,0,0,0
WEB11604.jpg,smoke_only,WEB,pyronear,380.7,1,0.255591,0.000000,1,0,0,0
WEB11676.jpg,smoke_only,WEB,dfine,579.6,62,0.941559,0.000000,1,0,1,0
WEB11676.jpg,smoke_only,WEB,yolo,935.1,2,0.560087,0.000000,1,0,1,0
WEB11676.jpg,smoke_only,WEB,dfire_yolov8n,90.9,1,0.902903,0.000000,1,0,1,0
WEB11676.jpg,smoke_only,WEB,soul,66.2,1,0.000000,0.065741,0,0,0,0
WEB11676.jpg,smoke_only,WEB,pyronear,356.6,2,0.079396,0.000000,0,0,0,0
WEB11712.jpg,smoke_only,WEB,dfine,417.6,69,0.687554,0.233931,1,0,1,0
WEB11712.jpg,smoke_only,WEB,yolo,840.5,2,0.722741,0.000000,1,0,1,0
WEB11712.jpg,smoke_only,WEB,dfire_yolov8n,58.2,2,0.055977,0.247229,0,0,0,0
WEB11712.jpg,smoke_only,WEB,soul,69.3,0,0.000000,0.000000,0,0,0,0
WEB11712.jpg,smoke_only,WEB,pyronear,357.4,1,0.389429,0.000000,1,0,0,0
WEB11726.jpg,smoke_only,WEB,dfine,446.5,86,0.661341,0.000000,1,0,1,0
WEB11726.jpg,smoke_only,WEB,yolo,888.2,2,0.664487,0.000000,1,0,1,0
WEB11726.jpg,smoke_only,WEB,dfire_yolov8n,62.9,1,0.797199,0.000000,1,0,1,0
WEB11726.jpg,smoke_only,WEB,soul,67.5,1,0.000000,0.059980,0,0,0,0
WEB11726.jpg,smoke_only,WEB,pyronear,357.3,0,0.000000,0.000000,0,0,0,0
WEB11766.jpg,smoke_only,WEB,dfine,478.8,92,0.847460,0.050936,1,0,1,0
WEB11766.jpg,smoke_only,WEB,yolo,839.9,2,0.538809,0.000000,1,0,1,0
WEB11766.jpg,smoke_only,WEB,dfire_yolov8n,61.1,3,0.486657,0.000000,1,0,0,0
WEB11766.jpg,smoke_only,WEB,soul,63.9,0,0.000000,0.000000,0,0,0,0
WEB11766.jpg,smoke_only,WEB,pyronear,354.3,1,0.111952,0.000000,0,0,0,0
WEB11793.jpg,smoke_only,WEB,dfine,469.2,2,0.816273,0.000000,1,0,1,0
WEB11793.jpg,smoke_only,WEB,yolo,945.1,1,0.668613,0.000000,1,0,1,0
WEB11793.jpg,smoke_only,WEB,dfire_yolov8n,95.7,1,0.868830,0.000000,1,0,1,0
WEB11793.jpg,smoke_only,WEB,soul,124.3,1,0.000000,0.078372,0,0,0,0
WEB11793.jpg,smoke_only,WEB,pyronear,393.6,1,0.407707,0.000000,1,0,0,0
AoF07806.jpg,flame_only,AoF,dfine,439.0,56,0.373931,0.589260,1,1,0,1
AoF07806.jpg,flame_only,AoF,yolo,862.6,1,0.000000,0.136237,0,0,0,0
AoF07806.jpg,flame_only,AoF,dfire_yolov8n,60.3,1,0.000000,0.831394,0,1,0,1
AoF07806.jpg,flame_only,AoF,soul,64.1,0,0.000000,0.000000,0,0,0,0
AoF07806.jpg,flame_only,AoF,pyronear,379.1,1,0.060091,0.000000,0,0,0,0
AoF07807.jpg,flame_only,AoF,dfine,528.4,41,0.320583,0.569519,1,1,0,1
AoF07807.jpg,flame_only,AoF,yolo,1180.6,1,0.000000,0.059778,0,0,0,0
AoF07807.jpg,flame_only,AoF,dfire_yolov8n,87.3,1,0.000000,0.840788,0,1,0,1
AoF07807.jpg,flame_only,AoF,soul,85.6,0,0.000000,0.000000,0,0,0,0
AoF07807.jpg,flame_only,AoF,pyronear,340.6,0,0.000000,0.000000,0,0,0,0
AoF07829.jpg,flame_only,AoF,dfine,455.5,44,0.709706,0.665198,1,1,1,1
AoF07829.jpg,flame_only,AoF,yolo,937.4,0,0.000000,0.000000,0,0,0,0
AoF07829.jpg,flame_only,AoF,dfire_yolov8n,108.9,2,0.672099,0.562601,1,1,1,1
AoF07829.jpg,flame_only,AoF,soul,83.5,1,0.000000,0.264222,0,1,0,0
AoF07829.jpg,flame_only,AoF,pyronear,561.8,3,0.428509,0.000000,1,0,0,0
AoF07840.jpg,flame_only,AoF,dfine,491.5,190,0.334398,0.801916,1,1,0,1
AoF07840.jpg,flame_only,AoF,yolo,945.1,4,0.525756,0.070741,1,0,1,0
AoF07840.jpg,flame_only,AoF,dfire_yolov8n,57.5,3,0.755161,0.816515,1,1,1,1
AoF07840.jpg,flame_only,AoF,soul,57.0,3,0.000000,0.272629,0,1,0,0
AoF07840.jpg,flame_only,AoF,pyronear,335.9,2,0.594872,0.000000,1,0,1,0
AoF07852.jpg,flame_only,AoF,dfine,426.1,78,0.422788,0.429962,1,1,0,0
AoF07852.jpg,flame_only,AoF,yolo,961.8,0,0.000000,0.000000,0,0,0,0
AoF07852.jpg,flame_only,AoF,dfire_yolov8n,58.7,4,0.324153,0.591256,1,1,0,1
AoF07852.jpg,flame_only,AoF,soul,73.3,0,0.000000,0.000000,0,0,0,0
AoF07852.jpg,flame_only,AoF,pyronear,521.4,2,0.539492,0.000000,1,0,1,0
AoF07861.jpg,flame_only,AoF,dfine,431.1,52,0.276853,0.453692,1,1,0,0
AoF07861.jpg,flame_only,AoF,yolo,850.7,0,0.000000,0.000000,0,0,0,0
AoF07861.jpg,flame_only,AoF,dfire_yolov8n,61.8,1,0.000000,0.773955,0,1,0,1
AoF07861.jpg,flame_only,AoF,soul,61.6,1,0.000000,0.175866,0,0,0,0
AoF07861.jpg,flame_only,AoF,pyronear,311.3,0,0.000000,0.000000,0,0,0,0
AoF07867.jpg,flame_only,AoF,dfine,418.0,139,0.344384,0.624762,1,1,0,1
AoF07867.jpg,flame_only,AoF,yolo,753.8,0,0.000000,0.000000,0,0,0,0
AoF07867.jpg,flame_only,AoF,dfire_yolov8n,40.2,2,0.162236,0.701644,0,1,0,1
AoF07867.jpg,flame_only,AoF,soul,60.5,2,0.000000,0.593280,0,1,0,1
AoF07867.jpg,flame_only,AoF,pyronear,316.1,0,0.000000,0.000000,0,0,0,0
AoF07875.jpg,flame_only,AoF,dfine,375.5,63,0.556596,0.614218,1,1,1,1
AoF07875.jpg,flame_only,AoF,yolo,825.3,0,0.000000,0.000000,0,0,0,0
AoF07875.jpg,flame_only,AoF,dfire_yolov8n,62.9,3,0.205830,0.559890,0,1,0,1
AoF07875.jpg,flame_only,AoF,soul,74.4,0,0.000000,0.000000,0,0,0,0
AoF07875.jpg,flame_only,AoF,pyronear,329.0,2,0.458907,0.000000,1,0,0,0
AoF07882.jpg,flame_only,AoF,dfine,473.7,82,0.222290,0.590345,0,1,0,1
AoF07882.jpg,flame_only,AoF,yolo,733.6,0,0.000000,0.000000,0,0,0,0
AoF07882.jpg,flame_only,AoF,dfire_yolov8n,58.4,3,0.075072,0.763268,0,1,0,1
AoF07882.jpg,flame_only,AoF,soul,54.7,2,0.000000,0.160292,0,0,0,0
AoF07882.jpg,flame_only,AoF,pyronear,299.9,2,0.156654,0.000000,0,0,0,0
AoF07884.jpg,flame_only,AoF,dfine,378.6,43,0.250984,0.349795,1,1,0,0
AoF07884.jpg,flame_only,AoF,yolo,830.8,0,0.000000,0.000000,0,0,0,0
AoF07884.jpg,flame_only,AoF,dfire_yolov8n,53.8,1,0.000000,0.838809,0,1,0,1
AoF07884.jpg,flame_only,AoF,soul,49.5,2,0.000000,0.059729,0,0,0,0
AoF07884.jpg,flame_only,AoF,pyronear,315.5,1,0.143206,0.000000,0,0,0,0
AoF07887.jpg,flame_only,AoF,dfine,502.0,55,0.330836,0.540338,1,1,0,1
AoF07887.jpg,flame_only,AoF,yolo,808.2,0,0.000000,0.000000,0,0,0,0
AoF07887.jpg,flame_only,AoF,dfire_yolov8n,58.8,1,0.000000,0.718164,0,1,0,1
AoF07887.jpg,flame_only,AoF,soul,56.1,1,0.000000,0.065143,0,0,0,0
AoF07887.jpg,flame_only,AoF,pyronear,333.4,2,0.067312,0.000000,0,0,0,0
AoF07907.jpg,flame_only,AoF,dfine,422.8,48,0.206738,0.343672,0,1,0,0
AoF07907.jpg,flame_only,AoF,yolo,838.6,0,0.000000,0.000000,0,0,0,0
AoF07907.jpg,flame_only,AoF,dfire_yolov8n,60.6,4,0.000000,0.482113,0,1,0,0
AoF07907.jpg,flame_only,AoF,soul,56.7,4,0.000000,0.131557,0,0,0,0
AoF07907.jpg,flame_only,AoF,pyronear,327.0,3,0.345152,0.000000,1,0,0,0
AoF07908.jpg,flame_only,AoF,dfine,420.3,54,0.145790,0.564644,0,1,0,1
AoF07908.jpg,flame_only,AoF,yolo,803.8,0,0.000000,0.000000,0,0,0,0
AoF07908.jpg,flame_only,AoF,dfire_yolov8n,53.6,4,0.000000,0.511562,0,1,0,1
AoF07908.jpg,flame_only,AoF,soul,55.4,2,0.000000,0.082618,0,0,0,0
AoF07908.jpg,flame_only,AoF,pyronear,315.8,2,0.218926,0.000000,0,0,0,0
AoF07914.jpg,flame_only,AoF,dfine,397.0,49,0.381563,0.782753,1,1,0,1
AoF07914.jpg,flame_only,AoF,yolo,668.3,0,0.000000,0.000000,0,0,0,0
AoF07914.jpg,flame_only,AoF,dfire_yolov8n,57.0,2,0.000000,0.831630,0,1,0,1
AoF07914.jpg,flame_only,AoF,soul,57.0,3,0.000000,0.099464,0,0,0,0
AoF07914.jpg,flame_only,AoF,pyronear,296.2,2,0.128957,0.000000,0,0,0,0
AoF07935.jpg,flame_only,AoF,dfine,385.4,59,0.404865,0.581713,1,1,0,1
AoF07935.jpg,flame_only,AoF,yolo,676.1,2,0.212769,0.129269,0,0,0,0
AoF07935.jpg,flame_only,AoF,dfire_yolov8n,56.0,5,0.000000,0.866427,0,1,0,1
AoF07935.jpg,flame_only,AoF,soul,56.1,0,0.000000,0.000000,0,0,0,0
AoF07935.jpg,flame_only,AoF,pyronear,319.9,2,0.067251,0.000000,0,0,0,0
AoF07942.jpg,flame_only,AoF,dfine,373.0,80,0.336661,0.627380,1,1,0,1
AoF07942.jpg,flame_only,AoF,yolo,708.0,7,0.000000,0.355879,0,1,0,0
AoF07942.jpg,flame_only,AoF,dfire_yolov8n,57.2,3,0.000000,0.841111,0,1,0,1
AoF07942.jpg,flame_only,AoF,soul,92.0,1,0.000000,0.758659,0,1,0,1
AoF07942.jpg,flame_only,AoF,pyronear,352.4,3,0.468984,0.000000,1,0,0,0
AoF07946.jpg,flame_only,AoF,dfine,380.3,68,0.297615,0.719743,1,1,0,1
AoF07946.jpg,flame_only,AoF,yolo,712.5,4,0.088585,0.663771,0,1,0,1
AoF07946.jpg,flame_only,AoF,dfire_yolov8n,53.1,5,0.139497,0.752147,0,1,0,1
AoF07946.jpg,flame_only,AoF,soul,59.9,2,0.000000,0.543649,0,1,0,1
AoF07946.jpg,flame_only,AoF,pyronear,305.2,4,0.303381,0.000000,1,0,0,0
PublicDataset01055.jpg,flame_only,PublicDataset,dfine,408.7,103,0.690442,0.436229,1,1,1,0
PublicDataset01055.jpg,flame_only,PublicDataset,yolo,740.8,1,0.555712,0.000000,1,0,1,0
PublicDataset01055.jpg,flame_only,PublicDataset,dfire_yolov8n,49.0,4,0.059748,0.759215,0,1,0,1
PublicDataset01055.jpg,flame_only,PublicDataset,soul,50.1,5,0.000000,0.513789,0,1,0,1
PublicDataset01055.jpg,flame_only,PublicDataset,pyronear,320.2,1,0.273518,0.000000,1,0,0,0
PublicDataset01063.jpg,flame_only,PublicDataset,dfine,364.6,39,0.192932,0.622753,0,1,0,1
PublicDataset01063.jpg,flame_only,PublicDataset,yolo,777.7,3,0.000000,0.348443,0,1,0,0
PublicDataset01063.jpg,flame_only,PublicDataset,dfire_yolov8n,47.0,1,0.000000,0.600604,0,1,0,1
PublicDataset01063.jpg,flame_only,PublicDataset,soul,49.9,2,0.000000,0.726433,0,1,0,1
PublicDataset01063.jpg,flame_only,PublicDataset,pyronear,373.7,3,0.414314,0.000000,1,0,0,0
PublicDataset01064.jpg,flame_only,PublicDataset,dfine,428.6,58,0.208130,0.663661,0,1,0,1
PublicDataset01064.jpg,flame_only,PublicDataset,yolo,832.3,3,0.000000,0.470902,0,1,0,0
PublicDataset01064.jpg,flame_only,PublicDataset,dfire_yolov8n,56.8,1,0.000000,0.628485,0,1,0,1
PublicDataset01064.jpg,flame_only,PublicDataset,soul,62.8,2,0.000000,0.632055,0,1,0,1
PublicDataset01064.jpg,flame_only,PublicDataset,pyronear,299.5,3,0.507668,0.000000,1,0,1,0
PublicDataset01073.jpg,flame_only,PublicDataset,dfine,409.3,127,0.730471,0.820407,1,1,1,1
PublicDataset01073.jpg,flame_only,PublicDataset,yolo,774.9,3,0.714417,0.647552,1,1,1,1
PublicDataset01073.jpg,flame_only,PublicDataset,dfire_yolov8n,52.3,3,0.664921,0.698484,1,1,1,1
PublicDataset01073.jpg,flame_only,PublicDataset,soul,55.8,2,0.000000,0.396977,0,1,0,0
PublicDataset01073.jpg,flame_only,PublicDataset,pyronear,343.4,0,0.000000,0.000000,0,0,0,0
PublicDataset01080.jpg,flame_only,PublicDataset,dfine,439.8,31,0.132862,0.637355,0,1,0,1
PublicDataset01080.jpg,flame_only,PublicDataset,yolo,718.8,3,0.064054,0.619955,0,1,0,1
PublicDataset01080.jpg,flame_only,PublicDataset,dfire_yolov8n,55.7,1,0.000000,0.443578,0,1,0,0
PublicDataset01080.jpg,flame_only,PublicDataset,soul,54.2,1,0.000000,0.122007,0,0,0,0
PublicDataset01080.jpg,flame_only,PublicDataset,pyronear,323.2,3,0.375769,0.000000,1,0,0,0
PublicDataset01317.jpg,flame_only,PublicDataset,dfine,398.7,110,0.414877,0.823334,1,1,0,1
PublicDataset01317.jpg,flame_only,PublicDataset,yolo,750.4,6,0.000000,0.813626,0,1,0,1
PublicDataset01317.jpg,flame_only,PublicDataset,dfire_yolov8n,46.3,9,0.131760,0.783734,0,1,0,1
PublicDataset01317.jpg,flame_only,PublicDataset,soul,53.2,4,0.000000,0.877022,0,1,0,1
PublicDataset01317.jpg,flame_only,PublicDataset,pyronear,416.4,0,0.000000,0.000000,0,0,0,0
PublicDataset01329.jpg,flame_only,PublicDataset,dfine,446.5,174,0.232570,0.657381,0,1,0,1
PublicDataset01329.jpg,flame_only,PublicDataset,yolo,903.4,9,0.112399,0.581630,0,1,0,1
PublicDataset01329.jpg,flame_only,PublicDataset,dfire_yolov8n,61.7,4,0.097205,0.663691,0,1,0,1
PublicDataset01329.jpg,flame_only,PublicDataset,soul,51.5,3,0.000000,0.840281,0,1,0,1
PublicDataset01329.jpg,flame_only,PublicDataset,pyronear,324.0,0,0.000000,0.000000,0,0,0,0
WEB10444.jpg,flame_only,WEB,dfine,444.1,188,0.779708,0.708689,1,1,1,1
WEB10444.jpg,flame_only,WEB,yolo,846.6,10,0.642451,0.709477,1,1,1,1
WEB10444.jpg,flame_only,WEB,dfire_yolov8n,57.3,12,0.446804,0.545509,1,1,0,1
WEB10444.jpg,flame_only,WEB,soul,60.0,5,0.000000,0.538257,0,1,0,1
WEB10444.jpg,flame_only,WEB,pyronear,346.9,0,0.000000,0.000000,0,0,0,0
WEB10517.jpg,flame_only,WEB,dfine,452.2,34,0.066031,0.839225,0,1,0,1
WEB10517.jpg,flame_only,WEB,yolo,756.6,1,0.000000,0.447714,0,1,0,0
WEB10517.jpg,flame_only,WEB,dfire_yolov8n,58.2,1,0.000000,0.655957,0,1,0,1
WEB10517.jpg,flame_only,WEB,soul,58.0,2,0.000000,0.809324,0,1,0,1
WEB10517.jpg,flame_only,WEB,pyronear,317.4,0,0.000000,0.000000,0,0,0,0
WEB10519.jpg,flame_only,WEB,dfine,401.6,19,0.000000,0.807250,0,1,0,1
WEB10519.jpg,flame_only,WEB,yolo,690.2,4,0.000000,0.807281,0,1,0,1
WEB10519.jpg,flame_only,WEB,dfire_yolov8n,50.2,3,0.000000,0.754603,0,1,0,1
WEB10519.jpg,flame_only,WEB,soul,52.9,1,0.000000,0.848614,0,1,0,1
WEB10519.jpg,flame_only,WEB,pyronear,324.8,0,0.000000,0.000000,0,0,0,0
WEB10641.jpg,flame_only,WEB,dfine,388.2,94,0.161349,0.739129,0,1,0,1
WEB10641.jpg,flame_only,WEB,yolo,710.2,12,0.056150,0.512848,0,1,0,1
WEB10641.jpg,flame_only,WEB,dfire_yolov8n,50.1,7,0.069485,0.575360,0,1,0,1
WEB10641.jpg,flame_only,WEB,soul,50.0,7,0.000000,0.666307,0,1,0,1
WEB10641.jpg,flame_only,WEB,pyronear,317.7,1,0.333914,0.000000,1,0,0,0
WEB10704.jpg,flame_only,WEB,dfine,422.7,217,0.661062,0.837865,1,1,1,1
WEB10704.jpg,flame_only,WEB,yolo,772.1,5,0.139471,0.665445,0,1,0,1
WEB10704.jpg,flame_only,WEB,dfire_yolov8n,49.6,3,0.000000,0.646086,0,1,0,1
WEB10704.jpg,flame_only,WEB,soul,55.7,1,0.000000,0.581829,0,1,0,1
WEB10704.jpg,flame_only,WEB,pyronear,320.3,0,0.000000,0.000000,0,0,0,0
WEB10716.jpg,flame_only,WEB,dfine,401.5,267,0.393657,0.672599,1,1,0,1
WEB10716.jpg,flame_only,WEB,yolo,706.6,21,0.057101,0.638067,0,1,0,1
WEB10716.jpg,flame_only,WEB,dfire_yolov8n,55.0,2,0.753857,0.057663,1,0,1,0
WEB10716.jpg,flame_only,WEB,soul,52.0,6,0.000000,0.393326,0,1,0,0
WEB10716.jpg,flame_only,WEB,pyronear,362.2,1,0.252151,0.000000,1,0,0,0
WEB10719.jpg,flame_only,WEB,dfine,408.0,188,0.533378,0.658745,1,1,1,1
WEB10719.jpg,flame_only,WEB,yolo,819.0,2,0.000000,0.549562,0,1,0,1
WEB10719.jpg,flame_only,WEB,dfire_yolov8n,57.9,3,0.000000,0.219971,0,0,0,0
WEB10719.jpg,flame_only,WEB,soul,61.6,1,0.000000,0.625658,0,1,0,1
WEB10719.jpg,flame_only,WEB,pyronear,327.3,0,0.000000,0.000000,0,0,0,0
WEB10818.jpg,flame_only,WEB,dfine,433.3,119,0.264005,0.813658,1,1,0,1
WEB10818.jpg,flame_only,WEB,yolo,784.6,6,0.050941,0.699708,0,1,0,1
WEB10818.jpg,flame_only,WEB,dfire_yolov8n,54.1,4,0.000000,0.798956,0,1,0,1
WEB10818.jpg,flame_only,WEB,soul,56.8,2,0.000000,0.909641,0,1,0,1
WEB10818.jpg,flame_only,WEB,pyronear,340.2,0,0.000000,0.000000,0,0,0,0
WEB10820.jpg,flame_only,WEB,dfine,405.7,71,0.129915,0.868793,0,1,0,1
WEB10820.jpg,flame_only,WEB,yolo,689.2,2,0.000000,0.446887,0,1,0,0
WEB10820.jpg,flame_only,WEB,dfire_yolov8n,54.6,2,0.000000,0.693547,0,1,0,1
WEB10820.jpg,flame_only,WEB,soul,57.9,3,0.000000,0.324238,0,1,0,0
WEB10820.jpg,flame_only,WEB,pyronear,322.0,0,0.000000,0.000000,0,0,0,0
WEB10831.jpg,flame_only,WEB,dfine,338.0,189,0.347494,0.819248,1,1,0,1
WEB10831.jpg,flame_only,WEB,yolo,713.0,7,0.664515,0.656496,1,1,1,1
WEB10831.jpg,flame_only,WEB,dfire_yolov8n,47.3,2,0.000000,0.816584,0,1,0,1
WEB10831.jpg,flame_only,WEB,soul,47.0,2,0.000000,0.798697,0,1,0,1
WEB10831.jpg,flame_only,WEB,pyronear,338.0,0,0.000000,0.000000,0,0,0,0
WEB10954.jpg,flame_only,WEB,dfine,441.7,230,0.468379,0.563629,1,1,0,1
WEB10954.jpg,flame_only,WEB,yolo,718.3,4,0.403661,0.468700,1,1,0,0
WEB10954.jpg,flame_only,WEB,dfire_yolov8n,56.7,5,0.437031,0.377076,1,1,0,0
WEB10954.jpg,flame_only,WEB,soul,59.1,2,0.000000,0.219811,0,0,0,0
WEB10954.jpg,flame_only,WEB,pyronear,333.2,0,0.000000,0.000000,0,0,0,0
WEB10964.jpg,flame_only,WEB,dfine,368.1,120,0.641631,0.790004,1,1,1,1
WEB10964.jpg,flame_only,WEB,yolo,787.7,12,0.340181,0.658435,1,1,0,1
WEB10964.jpg,flame_only,WEB,dfire_yolov8n,49.0,12,0.110816,0.686493,0,1,0,1
WEB10964.jpg,flame_only,WEB,soul,54.1,5,0.000000,0.475076,0,1,0,0
WEB10964.jpg,flame_only,WEB,pyronear,319.6,4,0.432471,0.000000,1,0,0,0
WEB10965.jpg,flame_only,WEB,dfine,396.3,207,0.377199,0.608762,1,1,0,1
WEB10965.jpg,flame_only,WEB,yolo,712.4,2,0.000000,0.155918,0,0,0,0
WEB10965.jpg,flame_only,WEB,dfire_yolov8n,48.6,2,0.000000,0.109507,0,0,0,0
WEB10965.jpg,flame_only,WEB,soul,49.8,3,0.000000,0.181195,0,0,0,0
WEB10965.jpg,flame_only,WEB,pyronear,324.1,0,0.000000,0.000000,0,0,0,0
WEB10967.jpg,flame_only,WEB,dfine,384.8,49,0.098601,0.608761,0,1,0,1
WEB10967.jpg,flame_only,WEB,yolo,661.3,1,0.000000,0.352572,0,1,0,0
WEB10967.jpg,flame_only,WEB,dfire_yolov8n,57.3,3,0.000000,0.508817,0,1,0,1
WEB10967.jpg,flame_only,WEB,soul,57.1,1,0.000000,0.128616,0,0,0,0
WEB10967.jpg,flame_only,WEB,pyronear,291.5,0,0.000000,0.000000,0,0,0,0
WEB11729.jpg,flame_only,WEB,dfine,395.8,52,0.626700,0.000000,1,0,1,0
WEB11729.jpg,flame_only,WEB,yolo,718.9,0,0.000000,0.000000,0,0,0,0
WEB11729.jpg,flame_only,WEB,dfire_yolov8n,52.7,1,0.189151,0.000000,0,0,0,0
WEB11729.jpg,flame_only,WEB,soul,55.6,0,0.000000,0.000000,0,0,0,0
WEB11729.jpg,flame_only,WEB,pyronear,290.8,1,0.150976,0.000000,0,0,0,0
WEB11741.jpg,flame_only,WEB,dfine,395.5,82,0.831486,0.254524,1,1,1,0
WEB11741.jpg,flame_only,WEB,yolo,818.1,4,0.707950,0.000000,1,0,1,0
WEB11741.jpg,flame_only,WEB,dfire_yolov8n,63.3,3,0.794084,0.000000,1,0,1,0
WEB11741.jpg,flame_only,WEB,soul,55.2,1,0.000000,0.312003,0,1,0,0
WEB11741.jpg,flame_only,WEB,pyronear,313.1,2,0.634693,0.000000,1,0,1,0
AoF07753.jpg,both,AoF,dfine,404.4,80,0.492453,0.642707,1,1,0,1
AoF07753.jpg,both,AoF,yolo,755.3,2,0.000000,0.316587,0,1,0,0
AoF07753.jpg,both,AoF,dfire_yolov8n,56.9,2,0.855010,0.918511,1,1,1,1
AoF07753.jpg,both,AoF,soul,98.7,1,0.000000,0.791411,0,1,0,1
AoF07753.jpg,both,AoF,pyronear,336.2,3,0.391449,0.000000,1,0,0,0
AoF07775.jpg,both,AoF,dfine,393.7,43,0.167982,0.773137,0,1,0,1
AoF07775.jpg,both,AoF,yolo,888.6,1,0.000000,0.275487,0,1,0,0
AoF07775.jpg,both,AoF,dfire_yolov8n,66.1,4,0.718696,0.880149,1,1,1,1
AoF07775.jpg,both,AoF,soul,67.2,2,0.000000,0.198468,0,0,0,0
AoF07775.jpg,both,AoF,pyronear,330.6,0,0.000000,0.000000,0,0,0,0
AoF07817.jpg,both,AoF,dfine,431.9,73,0.640539,0.650416,1,1,1,1
AoF07817.jpg,both,AoF,yolo,910.9,4,0.265782,0.643476,1,1,0,1
AoF07817.jpg,both,AoF,dfire_yolov8n,44.2,4,0.284176,0.816828,1,1,0,1
AoF07817.jpg,both,AoF,soul,53.3,8,0.000000,0.183078,0,0,0,0
AoF07817.jpg,both,AoF,pyronear,298.3,1,0.229530,0.000000,0,0,0,0
AoF07898.jpg,both,AoF,dfine,438.6,67,0.217161,0.799613,0,1,0,1
AoF07898.jpg,both,AoF,yolo,841.2,0,0.000000,0.000000,0,0,0,0
AoF07898.jpg,both,AoF,dfire_yolov8n,50.9,1,0.000000,0.852103,0,1,0,1
AoF07898.jpg,both,AoF,soul,55.9,2,0.000000,0.098887,0,0,0,0
AoF07898.jpg,both,AoF,pyronear,336.8,1,0.189123,0.000000,0,0,0,0
AoF07904.jpg,both,AoF,dfine,436.9,45,0.685180,0.655194,1,1,1,1
AoF07904.jpg,both,AoF,yolo,811.4,0,0.000000,0.000000,0,0,0,0
AoF07904.jpg,both,AoF,dfire_yolov8n,55.1,2,0.807526,0.882353,1,1,1,1
AoF07904.jpg,both,AoF,soul,60.6,1,0.000000,0.157192,0,0,0,0
AoF07904.jpg,both,AoF,pyronear,327.7,2,0.088951,0.000000,0,0,0,0
AoF07925.jpg,both,AoF,dfine,476.5,52,0.804766,0.427440,1,1,1,0
AoF07925.jpg,both,AoF,yolo,769.9,1,0.609292,0.000000,1,0,1,0
AoF07925.jpg,both,AoF,dfire_yolov8n,58.4,4,0.702980,0.948738,1,1,1,1
AoF07925.jpg,both,AoF,soul,62.4,4,0.000000,0.349339,0,1,0,0
AoF07925.jpg,both,AoF,pyronear,310.4,1,0.167398,0.000000,0,0,0,0
AoF07936.jpg,both,AoF,dfine,435.6,117,0.372254,0.642429,1,1,0,1
AoF07936.jpg,both,AoF,yolo,826.9,1,0.000000,0.068521,0,0,0,0
AoF07936.jpg,both,AoF,dfire_yolov8n,69.5,6,0.100868,0.847688,0,1,0,1
AoF07936.jpg,both,AoF,soul,66.5,0,0.000000,0.000000,0,0,0,0
AoF07936.jpg,both,AoF,pyronear,335.8,2,0.124710,0.000000,0,0,0,0
AoF07947.jpg,both,AoF,dfine,429.6,65,0.659963,0.806467,1,1,1,1
AoF07947.jpg,both,AoF,yolo,853.2,4,0.627156,0.807645,1,1,1,1
AoF07947.jpg,both,AoF,dfire_yolov8n,52.6,4,0.568284,0.739316,1,1,1,1
AoF07947.jpg,both,AoF,soul,49.6,1,0.000000,0.770642,0,1,0,1
AoF07947.jpg,both,AoF,pyronear,305.0,5,0.383615,0.000000,1,0,0,0
AoF08067.jpg,both,AoF,dfine,446.6,101,0.703561,0.647780,1,1,1,1
AoF08067.jpg,both,AoF,yolo,674.4,3,0.553934,0.098526,1,0,1,0
AoF08067.jpg,both,AoF,dfire_yolov8n,52.8,6,0.520518,0.606759,1,1,1,1
AoF08067.jpg,both,AoF,soul,54.0,2,0.000000,0.557559,0,1,0,1
AoF08067.jpg,both,AoF,pyronear,337.6,3,0.368461,0.000000,1,0,0,0
PublicDataset01239.jpg,both,PublicDataset,dfine,339.1,13,0.927353,0.674120,1,1,1,1
PublicDataset01239.jpg,both,PublicDataset,yolo,660.3,3,0.858404,0.598559,1,1,1,1
PublicDataset01239.jpg,both,PublicDataset,dfire_yolov8n,57.7,4,0.904907,0.582479,1,1,1,1
PublicDataset01239.jpg,both,PublicDataset,soul,49.0,1,0.000000,0.064790,0,0,0,0
PublicDataset01239.jpg,both,PublicDataset,pyronear,320.9,1,0.093250,0.000000,0,0,0,0
PublicDataset01324.jpg,both,PublicDataset,dfine,375.1,230,0.523256,0.618516,1,1,1,1
PublicDataset01324.jpg,both,PublicDataset,yolo,629.1,18,0.238477,0.450685,0,1,0,0
PublicDataset01324.jpg,both,PublicDataset,dfire_yolov8n,58.6,10,0.354585,0.453000,1,1,0,0
PublicDataset01324.jpg,both,PublicDataset,soul,56.6,9,0.000000,0.517483,0,1,0,1
PublicDataset01324.jpg,both,PublicDataset,pyronear,276.4,1,0.190049,0.000000,0,0,0,0
WEB10456.jpg,both,WEB,dfine,394.4,153,0.422587,0.850233,1,1,0,1
WEB10456.jpg,both,WEB,yolo,711.8,11,0.411371,0.759335,1,1,0,1
WEB10456.jpg,both,WEB,dfire_yolov8n,48.9,7,0.159884,0.879271,0,1,0,1
WEB10456.jpg,both,WEB,soul,52.6,6,0.000000,0.692509,0,1,0,1
WEB10456.jpg,both,WEB,pyronear,273.4,0,0.000000,0.000000,0,0,0,0
WEB10464.jpg,both,WEB,dfine,368.3,185,0.686014,0.515394,1,1,1,1
WEB10464.jpg,both,WEB,yolo,626.1,15,0.236905,0.490914,0,1,0,0
WEB10464.jpg,both,WEB,dfire_yolov8n,56.5,9,0.696387,0.628129,1,1,1,1
WEB10464.jpg,both,WEB,soul,47.4,7,0.000000,0.752463,0,1,0,1
WEB10464.jpg,both,WEB,pyronear,319.3,0,0.000000,0.000000,0,0,0,0
WEB10471.jpg,both,WEB,dfine,374.8,50,0.840778,0.819290,1,1,1,1
WEB10471.jpg,both,WEB,yolo,695.4,2,0.770945,0.826456,1,1,1,1
WEB10471.jpg,both,WEB,dfire_yolov8n,51.3,3,0.876358,0.799483,1,1,1,1
WEB10471.jpg,both,WEB,soul,55.1,2,0.000000,0.883567,0,1,0,1
WEB10471.jpg,both,WEB,pyronear,337.0,0,0.000000,0.000000,0,0,0,0
WEB10486.jpg,both,WEB,dfine,426.5,205,0.550603,0.861370,1,1,1,1
WEB10486.jpg,both,WEB,yolo,782.3,8,0.310454,0.773040,1,1,0,1
WEB10486.jpg,both,WEB,dfire_yolov8n,52.8,14,0.473304,0.848161,1,1,0,1
WEB10486.jpg,both,WEB,soul,50.8,3,0.000000,0.825745,0,1,0,1
WEB10486.jpg,both,WEB,pyronear,357.5,0,0.000000,0.000000,0,0,0,0
WEB10487.jpg,both,WEB,dfine,353.8,214,0.634959,0.767970,1,1,1,1
WEB10487.jpg,both,WEB,yolo,785.9,13,0.797142,0.654451,1,1,1,1
WEB10487.jpg,both,WEB,dfire_yolov8n,52.9,9,0.802972,0.451008,1,1,1,0
WEB10487.jpg,both,WEB,soul,54.2,6,0.000000,0.893057,0,1,0,1
WEB10487.jpg,both,WEB,pyronear,318.1,0,0.000000,0.000000,0,0,0,0
WEB10492.jpg,both,WEB,dfine,399.4,184,0.532255,0.758693,1,1,1,1
WEB10492.jpg,both,WEB,yolo,756.9,16,0.403429,0.761095,1,1,0,1
WEB10492.jpg,both,WEB,dfire_yolov8n,45.2,7,0.324156,0.784477,1,1,0,1
WEB10492.jpg,both,WEB,soul,53.0,4,0.000000,0.864501,0,1,0,1
WEB10492.jpg,both,WEB,pyronear,295.9,0,0.000000,0.000000,0,0,0,0
WEB10505.jpg,both,WEB,dfine,389.6,86,0.948030,0.758814,1,1,1,1
WEB10505.jpg,both,WEB,yolo,808.6,5,0.869545,0.624798,1,1,1,1
WEB10505.jpg,both,WEB,dfire_yolov8n,53.1,3,0.903943,0.747695,1,1,1,1
WEB10505.jpg,both,WEB,soul,58.0,3,0.000000,0.798293,0,1,0,1
WEB10505.jpg,both,WEB,pyronear,311.0,0,0.000000,0.000000,0,0,0,0
WEB10523.jpg,both,WEB,dfine,405.0,192,0.664861,0.841638,1,1,1,1
WEB10523.jpg,both,WEB,yolo,742.6,12,0.287962,0.731088,1,1,0,1
WEB10523.jpg,both,WEB,dfire_yolov8n,47.8,12,0.216042,0.584071,0,1,0,1
WEB10523.jpg,both,WEB,soul,53.8,1,0.000000,0.849644,0,1,0,1
WEB10523.jpg,both,WEB,pyronear,336.1,0,0.000000,0.000000,0,0,0,0
WEB10618.jpg,both,WEB,dfine,401.7,114,0.669560,0.862598,1,1,1,1
WEB10618.jpg,both,WEB,yolo,723.1,3,0.739574,0.783194,1,1,1,1
WEB10618.jpg,both,WEB,dfire_yolov8n,45.3,4,0.621162,0.646907,1,1,1,1
WEB10618.jpg,both,WEB,soul,45.2,2,0.000000,0.833030,0,1,0,1
WEB10618.jpg,both,WEB,pyronear,310.1,0,0.000000,0.000000,0,0,0,0
WEB10629.jpg,both,WEB,dfine,361.9,165,0.631914,0.719456,1,1,1,1
WEB10629.jpg,both,WEB,yolo,764.2,10,0.477928,0.551650,1,1,0,1
WEB10629.jpg,both,WEB,dfire_yolov8n,49.0,7,0.597195,0.776521,1,1,1,1
WEB10629.jpg,both,WEB,soul,51.9,2,0.000000,0.833936,0,1,0,1
WEB10629.jpg,both,WEB,pyronear,312.2,1,0.052900,0.000000,0,0,0,0
WEB10646.jpg,both,WEB,dfine,429.7,149,0.453935,0.731100,1,1,0,1
WEB10646.jpg,both,WEB,yolo,896.6,18,0.308509,0.572598,1,1,0,1
WEB10646.jpg,both,WEB,dfire_yolov8n,58.5,21,0.702159,0.477169,1,1,1,0
WEB10646.jpg,both,WEB,soul,42.9,2,0.000000,0.122065,0,0,0,0
WEB10646.jpg,both,WEB,pyronear,315.1,3,0.096129,0.000000,0,0,0,0
WEB10707.jpg,both,WEB,dfine,449.5,235,0.335267,0.858083,1,1,0,1
WEB10707.jpg,both,WEB,yolo,787.3,19,0.089737,0.767045,0,1,0,1
WEB10707.jpg,both,WEB,dfire_yolov8n,55.2,16,0.641914,0.514952,1,1,1,1
WEB10707.jpg,both,WEB,soul,60.8,5,0.000000,0.755388,0,1,0,1
WEB10707.jpg,both,WEB,pyronear,296.8,0,0.000000,0.000000,0,0,0,0
WEB10713.jpg,both,WEB,dfine,416.8,173,0.748197,0.874046,1,1,1,1
WEB10713.jpg,both,WEB,yolo,714.4,11,0.545561,0.857023,1,1,1,1
WEB10713.jpg,both,WEB,dfire_yolov8n,52.2,10,0.790562,0.801800,1,1,1,1
WEB10713.jpg,both,WEB,soul,66.5,5,0.000000,0.550402,0,1,0,1
WEB10713.jpg,both,WEB,pyronear,358.4,1,0.540436,0.000000,1,0,1,0
WEB10722.jpg,both,WEB,dfine,377.6,131,0.620858,0.754832,1,1,1,1
WEB10722.jpg,both,WEB,yolo,691.6,6,0.738772,0.761873,1,1,1,1
WEB10722.jpg,both,WEB,dfire_yolov8n,49.9,4,0.535842,0.413005,1,1,1,0
WEB10722.jpg,both,WEB,soul,57.3,2,0.000000,0.648572,0,1,0,1
WEB10722.jpg,both,WEB,pyronear,309.2,0,0.000000,0.000000,0,0,0,0
WEB10730.jpg,both,WEB,dfine,404.3,204,0.507291,0.856490,1,1,1,1
WEB10730.jpg,both,WEB,yolo,797.0,13,0.105109,0.775207,0,1,0,1
WEB10730.jpg,both,WEB,dfire_yolov8n,46.2,12,0.753227,0.839356,1,1,1,1
WEB10730.jpg,both,WEB,soul,55.3,1,0.000000,0.868240,0,1,0,1
WEB10730.jpg,both,WEB,pyronear,322.3,1,0.138717,0.000000,0,0,0,0
WEB10800.jpg,both,WEB,dfine,397.6,134,0.789292,0.859388,1,1,1,1
WEB10800.jpg,both,WEB,yolo,774.3,12,0.632580,0.823640,1,1,1,1
WEB10800.jpg,both,WEB,dfire_yolov8n,55.9,8,0.879359,0.842333,1,1,1,1
WEB10800.jpg,both,WEB,soul,43.1,6,0.000000,0.379958,0,1,0,0
WEB10800.jpg,both,WEB,pyronear,323.1,0,0.000000,0.000000,0,0,0,0
WEB10811.jpg,both,WEB,dfine,393.2,132,0.846796,0.718967,1,1,1,1
WEB10811.jpg,both,WEB,yolo,737.6,5,0.802866,0.745855,1,1,1,1
WEB10811.jpg,both,WEB,dfire_yolov8n,53.3,6,0.852325,0.795715,1,1,1,1
WEB10811.jpg,both,WEB,soul,46.3,3,0.000000,0.702508,0,1,0,1
WEB10811.jpg,both,WEB,pyronear,323.4,0,0.000000,0.000000,0,0,0,0
WEB10840.jpg,both,WEB,dfine,361.1,119,0.932687,0.763971,1,1,1,1
WEB10840.jpg,both,WEB,yolo,654.8,6,0.842591,0.530679,1,1,1,1
WEB10840.jpg,both,WEB,dfire_yolov8n,54.8,11,0.888634,0.642463,1,1,1,1
WEB10840.jpg,both,WEB,soul,63.5,2,0.000000,0.467897,0,1,0,0
WEB10840.jpg,both,WEB,pyronear,320.8,0,0.000000,0.000000,0,0,0,0
WEB10850.jpg,both,WEB,dfine,366.8,177,0.641828,0.812840,1,1,1,1
WEB10850.jpg,both,WEB,yolo,735.4,24,0.382479,0.626397,1,1,0,1
WEB10850.jpg,both,WEB,dfire_yolov8n,52.4,17,0.313227,0.664095,1,1,0,1
WEB10850.jpg,both,WEB,soul,54.9,6,0.000000,0.693016,0,1,0,1
WEB10850.jpg,both,WEB,pyronear,309.7,1,0.058543,0.000000,0,0,0,0
WEB10933.jpg,both,WEB,dfine,378.3,202,0.909191,0.554589,1,1,1,1
WEB10933.jpg,both,WEB,yolo,714.0,18,0.818065,0.475560,1,1,1,0
WEB10933.jpg,both,WEB,dfire_yolov8n,38.6,17,0.861639,0.328941,1,1,1,0
WEB10933.jpg,both,WEB,soul,48.9,2,0.000000,0.061982,0,0,0,0
WEB10933.jpg,both,WEB,pyronear,310.6,1,0.070590,0.000000,0,0,0,0
WEB10945.jpg,both,WEB,dfine,475.3,152,0.757992,0.807361,1,1,1,1
WEB10945.jpg,both,WEB,yolo,755.9,12,0.577499,0.642068,1,1,1,1
WEB10945.jpg,both,WEB,dfire_yolov8n,47.5,14,0.751786,0.632142,1,1,1,1
WEB10945.jpg,both,WEB,soul,60.5,2,0.000000,0.360255,0,1,0,0
WEB10945.jpg,both,WEB,pyronear,293.2,1,0.084725,0.000000,0,0,0,0
WEB10955.jpg,both,WEB,dfine,365.6,179,0.529102,0.679126,1,1,1,1
WEB10955.jpg,both,WEB,yolo,720.0,6,0.161096,0.671226,0,1,0,1
WEB10955.jpg,both,WEB,dfire_yolov8n,46.6,5,0.395460,0.696879,1,1,0,1
WEB10955.jpg,both,WEB,soul,52.6,3,0.000000,0.770821,0,1,0,1
WEB10955.jpg,both,WEB,pyronear,348.8,0,0.000000,0.000000,0,0,0,0
WEB11052.jpg,both,WEB,dfine,305.2,262,0.236157,0.785201,0,1,0,1
WEB11052.jpg,both,WEB,yolo,728.5,11,0.146825,0.689061,0,1,0,1
WEB11052.jpg,both,WEB,dfire_yolov8n,46.1,7,0.202688,0.554485,0,1,0,1
WEB11052.jpg,both,WEB,soul,55.9,5,0.000000,0.584044,0,1,0,1
WEB11052.jpg,both,WEB,pyronear,347.2,0,0.000000,0.000000,0,0,0,0
WEB11074.jpg,both,WEB,dfine,397.1,19,0.927755,0.432689,1,1,1,0
WEB11074.jpg,both,WEB,yolo,814.0,2,0.781002,0.332901,1,1,1,0
WEB11074.jpg,both,WEB,dfire_yolov8n,62.8,2,0.810482,0.113288,1,0,1,0
WEB11074.jpg,both,WEB,soul,92.5,0,0.000000,0.000000,0,0,0,0
WEB11074.jpg,both,WEB,pyronear,345.8,2,0.219304,0.000000,0,0,0,0
WEB11133.jpg,both,WEB,dfine,439.2,101,0.818424,0.732091,1,1,1,1
WEB11133.jpg,both,WEB,yolo,820.6,9,0.835094,0.546422,1,1,1,1
WEB11133.jpg,both,WEB,dfire_yolov8n,60.8,9,0.849687,0.704165,1,1,1,1
WEB11133.jpg,both,WEB,soul,83.7,4,0.000000,0.393262,0,1,0,0
WEB11133.jpg,both,WEB,pyronear,333.8,0,0.000000,0.000000,0,0,0,0
WEB11193.jpg,both,WEB,dfine,425.8,80,0.709588,0.775722,1,1,1,1
WEB11193.jpg,both,WEB,yolo,906.6,4,0.553614,0.712472,1,1,1,1
WEB11193.jpg,both,WEB,dfire_yolov8n,56.3,3,0.653287,0.673532,1,1,1,1
WEB11193.jpg,both,WEB,soul,61.8,1,0.000000,0.761776,0,1,0,1
WEB11193.jpg,both,WEB,pyronear,299.0,0,0.000000,0.000000,0,0,0,0
WEB11457.jpg,both,WEB,dfine,381.4,126,0.864623,0.759533,1,1,1,1
WEB11457.jpg,both,WEB,yolo,791.0,13,0.760616,0.680895,1,1,1,1
WEB11457.jpg,both,WEB,dfire_yolov8n,56.6,10,0.849582,0.398363,1,1,1,0
WEB11457.jpg,both,WEB,soul,51.0,7,0.000000,0.476765,0,1,0,0
WEB11457.jpg,both,WEB,pyronear,349.9,0,0.000000,0.000000,0,0,0,0
WEB11618.jpg,both,WEB,dfine,419.0,13,0.951092,0.817714,1,1,1,1
WEB11618.jpg,both,WEB,yolo,744.1,2,0.883841,0.784010,1,1,1,1
WEB11618.jpg,both,WEB,dfire_yolov8n,52.3,3,0.908088,0.641894,1,1,1,1
WEB11618.jpg,both,WEB,soul,52.3,0,0.000000,0.000000,0,0,0,0
WEB11618.jpg,both,WEB,pyronear,309.4,0,0.000000,0.000000,0,0,0,0
WEB11760.jpg,both,WEB,dfine,382.3,36,0.946963,0.737437,1,1,1,1
WEB11760.jpg,both,WEB,yolo,809.2,3,0.905526,0.650880,1,1,1,1
WEB11760.jpg,both,WEB,dfire_yolov8n,63.6,2,0.859864,0.263046,1,1,1,0
WEB11760.jpg,both,WEB,soul,64.7,1,0.000000,0.112385,0,0,0,0
WEB11760.jpg,both,WEB,pyronear,371.4,0,0.000000,0.000000,0,0,0,0
