model,threshold,class,tp,fn,fp,tn,recall,false_positive_rate,clear_image_hits,clear_images,median_cpu_ms
dfine,0.25,smoke,76,4,51,29,0.950,0.637,25,40,384.8
dfine,0.25,flame,79,1,10,70,0.988,0.125,25,40,384.8
dfine,0.50,smoke,67,13,17,63,0.838,0.212,7,40,384.8
dfine,0.50,flame,71,9,3,77,0.887,0.037,7,40,384.8
yolo,0.25,smoke,58,22,14,66,0.725,0.175,6,40,712.5
yolo,0.25,flame,56,24,2,78,0.700,0.025,6,40,712.5
yolo,0.50,smoke,41,39,8,72,0.512,0.100,2,40,712.5
yolo,0.50,flame,43,37,1,79,0.537,0.013,2,40,712.5
dfire_yolov8n,0.25,smoke,71,9,8,72,0.887,0.100,0,40,52.5
dfire_yolov8n,0.25,flame,74,6,1,79,0.925,0.013,0,40,52.5
dfire_yolov8n,0.50,smoke,58,22,5,75,0.725,0.062,0,40,52.5
dfire_yolov8n,0.50,flame,64,16,1,79,0.800,0.013,0,40,52.5
soul,0.25,flame,52,28,8,72,0.650,0.100,4,40,54.4
soul,0.50,flame,39,41,5,75,0.487,0.062,3,40,54.4
pyronear,0.25,smoke,19,61,17,63,0.237,0.212,2,40,318.7
pyronear,0.50,smoke,10,70,4,76,0.125,0.050,0,40,318.7
