name,category,model,class,raw_presence,best_iou,localized_iou30,localized_iou50
AoF08022.jpg,smoke_only,yolo,smoke,0,0.0000,0,0
AoF08022.jpg,smoke_only,dfire_yolov8n,smoke,1,0.6795,1,1
AoF08022.jpg,smoke_only,pyronear,smoke,0,0.0000,0,0
AoF08040.jpg,smoke_only,yolo,smoke,0,0.0000,0,0
AoF08040.jpg,smoke_only,dfire_yolov8n,smoke,1,0.5318,1,1
AoF08040.jpg,smoke_only,pyronear,smoke,0,0.0000,0,0
AoF08045.jpg,smoke_only,yolo,smoke,1,0.8648,1,1
AoF08045.jpg,smoke_only,dfire_yolov8n,smoke,1,0.6603,1,1
AoF08045.jpg,smoke_only,pyronear,smoke,1,0.7192,1,1
AoF08063.jpg,smoke_only,yolo,smoke,1,0.5225,1,1
AoF08063.jpg,smoke_only,dfire_yolov8n,smoke,1,0.6298,1,1
AoF08063.jpg,smoke_only,pyronear,smoke,0,0.0000,0,0
AoF08120.jpg,smoke_only,yolo,smoke,0,0.0000,0,0
AoF08120.jpg,smoke_only,dfire_yolov8n,smoke,1,0.5547,1,1
AoF08120.jpg,smoke_only,pyronear,smoke,0,0.0000,0,0
AoF08145.jpg,smoke_only,yolo,smoke,1,0.8537,1,1
AoF08145.jpg,smoke_only,dfire_yolov8n,smoke,1,0.9099,1,1
AoF08145.jpg,smoke_only,pyronear,smoke,0,0.0000,0,0
AoF08208.jpg,smoke_only,yolo,smoke,0,0.0000,0,0
AoF08208.jpg,smoke_only,dfire_yolov8n,smoke,0,0.0000,0,0
AoF08208.jpg,smoke_only,pyronear,smoke,0,0.0000,0,0
AoF08214.jpg,smoke_only,yolo,smoke,0,0.0000,0,0
AoF08214.jpg,smoke_only,dfire_yolov8n,smoke,1,0.8109,1,1
AoF08214.jpg,smoke_only,pyronear,smoke,1,0.6744,1,1
AoF08242.jpg,smoke_only,yolo,smoke,1,0.7941,1,1
AoF08242.jpg,smoke_only,dfire_yolov8n,smoke,1,0.8620,1,1
AoF08242.jpg,smoke_only,pyronear,smoke,1,0.7542,1,1
AoF08282.jpg,smoke_only,yolo,smoke,0,0.0000,0,0
AoF08282.jpg,smoke_only,dfire_yolov8n,smoke,0,0.0000,0,0
AoF08282.jpg,smoke_only,pyronear,smoke,0,0.0000,0,0
AoF08309.jpg,smoke_only,yolo,smoke,0,0.0000,0,0
AoF08309.jpg,smoke_only,dfire_yolov8n,smoke,1,0.6604,1,1
AoF08309.jpg,smoke_only,pyronear,smoke,0,0.0000,0,0
AoF08347.jpg,smoke_only,yolo,smoke,0,0.0000,0,0
AoF08347.jpg,smoke_only,dfire_yolov8n,smoke,1,0.4458,1,0
AoF08347.jpg,smoke_only,pyronear,smoke,0,0.0000,0,0
AoF08382.jpg,smoke_only,yolo,smoke,0,0.0000,0,0
AoF08382.jpg,smoke_only,dfire_yolov8n,smoke,1,0.0000,0,0
AoF08382.jpg,smoke_only,pyronear,smoke,0,0.0000,0,0
PublicDataset01151.jpg,smoke_only,yolo,smoke,1,0.7784,1,1
PublicDataset01151.jpg,smoke_only,dfire_yolov8n,smoke,1,0.7034,1,1
PublicDataset01151.jpg,smoke_only,pyronear,smoke,1,0.3003,1,0
PublicDataset01152.jpg,smoke_only,yolo,smoke,1,0.7089,1,1
PublicDataset01152.jpg,smoke_only,dfire_yolov8n,smoke,1,0.4475,1,0
PublicDataset01152.jpg,smoke_only,pyronear,smoke,1,0.3758,1,0
PublicDataset01201.jpg,smoke_only,yolo,smoke,1,0.4743,1,0
PublicDataset01201.jpg,smoke_only,dfire_yolov8n,smoke,1,0.9681,1,1
PublicDataset01201.jpg,smoke_only,pyronear,smoke,0,0.0000,0,0
PublicDataset01261.jpg,smoke_only,yolo,smoke,1,0.3267,1,0
PublicDataset01261.jpg,smoke_only,dfire_yolov8n,smoke,1,0.8132,1,1
PublicDataset01261.jpg,smoke_only,pyronear,smoke,1,0.3185,1,0
PublicDataset01273.jpg,smoke_only,yolo,smoke,1,0.5978,1,1
PublicDataset01273.jpg,smoke_only,dfire_yolov8n,smoke,1,0.6725,1,1
PublicDataset01273.jpg,smoke_only,pyronear,smoke,1,0.5600,1,1
WEB11014.jpg,smoke_only,yolo,smoke,1,0.6070,1,1
WEB11014.jpg,smoke_only,dfire_yolov8n,smoke,1,0.6544,1,1
WEB11014.jpg,smoke_only,pyronear,smoke,0,0.0000,0,0
WEB11048.jpg,smoke_only,yolo,smoke,1,0.9336,1,1
WEB11048.jpg,smoke_only,dfire_yolov8n,smoke,1,0.8751,1,1
WEB11048.jpg,smoke_only,pyronear,smoke,0,0.0000,0,0
WEB11122.jpg,smoke_only,yolo,smoke,1,0.9273,1,1
WEB11122.jpg,smoke_only,dfire_yolov8n,smoke,1,0.9430,1,1
WEB11122.jpg,smoke_only,pyronear,smoke,1,0.8876,1,1
WEB11160.jpg,smoke_only,yolo,smoke,1,0.9459,1,1
WEB11160.jpg,smoke_only,dfire_yolov8n,smoke,1,0.9717,1,1
WEB11160.jpg,smoke_only,pyronear,smoke,0,0.0000,0,0
WEB11167.jpg,smoke_only,yolo,smoke,1,0.2270,0,0
WEB11167.jpg,smoke_only,dfire_yolov8n,smoke,1,0.7666,1,1
WEB11167.jpg,smoke_only,pyronear,smoke,1,0.0000,0,0
WEB11280.jpg,smoke_only,yolo,smoke,1,0.8089,1,1
WEB11280.jpg,smoke_only,dfire_yolov8n,smoke,1,0.5229,1,1
WEB11280.jpg,smoke_only,pyronear,smoke,0,0.0000,0,0
WEB11331.jpg,smoke_only,yolo,smoke,1,0.6558,1,1
WEB11331.jpg,smoke_only,dfire_yolov8n,smoke,1,0.7984,1,1
WEB11331.jpg,smoke_only,pyronear,smoke,0,0.0000,0,0
WEB11347.jpg,smoke_only,yolo,smoke,0,0.0000,0,0
WEB11347.jpg,smoke_only,dfire_yolov8n,smoke,1,0.6614,1,1
WEB11347.jpg,smoke_only,pyronear,smoke,0,0.0000,0,0
WEB11351.jpg,smoke_only,yolo,smoke,0,0.0000,0,0
WEB11351.jpg,smoke_only,dfire_yolov8n,smoke,0,0.0000,0,0
WEB11351.jpg,smoke_only,pyronear,smoke,0,0.0000,0,0
WEB11370.jpg,smoke_only,yolo,smoke,1,0.6988,1,1
WEB11370.jpg,smoke_only,dfire_yolov8n,smoke,1,0.8267,1,1
WEB11370.jpg,smoke_only,pyronear,smoke,1,0.0988,0,0
WEB11405.jpg,smoke_only,yolo,smoke,1,0.8774,1,1
WEB11405.jpg,smoke_only,dfire_yolov8n,smoke,1,0.7932,1,1
WEB11405.jpg,smoke_only,pyronear,smoke,1,0.7955,1,1
WEB11449.jpg,smoke_only,yolo,smoke,1,0.8202,1,1
WEB11449.jpg,smoke_only,dfire_yolov8n,smoke,1,0.9481,1,1
WEB11449.jpg,smoke_only,pyronear,smoke,0,0.0000,0,0
WEB11516.jpg,smoke_only,yolo,smoke,1,0.9368,1,1
WEB11516.jpg,smoke_only,dfire_yolov8n,smoke,1,0.8853,1,1
WEB11516.jpg,smoke_only,pyronear,smoke,0,0.0000,0,0
WEB11552.jpg,smoke_only,yolo,smoke,1,0.6916,1,1
WEB11552.jpg,smoke_only,dfire_yolov8n,smoke,1,0.9385,1,1
WEB11552.jpg,smoke_only,pyronear,smoke,0,0.0000,0,0
WEB11565.jpg,smoke_only,yolo,smoke,1,0.7574,1,1
WEB11565.jpg,smoke_only,dfire_yolov8n,smoke,1,0.9404,1,1
WEB11565.jpg,smoke_only,pyronear,smoke,0,0.0000,0,0
WEB11594.jpg,smoke_only,yolo,smoke,1,0.8061,1,1
WEB11594.jpg,smoke_only,dfire_yolov8n,smoke,1,0.9161,1,1
WEB11594.jpg,smoke_only,pyronear,smoke,1,0.0000,0,0
WEB11604.jpg,smoke_only,yolo,smoke,1,0.7318,1,1
WEB11604.jpg,smoke_only,dfire_yolov8n,smoke,1,0.8680,1,1
WEB11604.jpg,smoke_only,pyronear,smoke,1,0.4830,1,0
WEB11676.jpg,smoke_only,yolo,smoke,1,0.8239,1,1
WEB11676.jpg,smoke_only,dfire_yolov8n,smoke,1,0.9695,1,1
WEB11676.jpg,smoke_only,pyronear,smoke,0,0.0000,0,0
WEB11712.jpg,smoke_only,yolo,smoke,1,0.6642,1,1
WEB11712.jpg,smoke_only,dfire_yolov8n,smoke,0,0.0000,0,0
WEB11712.jpg,smoke_only,pyronear,smoke,1,0.7792,1,1
WEB11726.jpg,smoke_only,yolo,smoke,1,0.6398,1,1
WEB11726.jpg,smoke_only,dfire_yolov8n,smoke,1,0.7107,1,1
WEB11726.jpg,smoke_only,pyronear,smoke,0,0.0000,0,0
WEB11766.jpg,smoke_only,yolo,smoke,1,0.7664,1,1
WEB11766.jpg,smoke_only,dfire_yolov8n,smoke,1,0.8533,1,1
WEB11766.jpg,smoke_only,pyronear,smoke,0,0.0000,0,0
WEB11793.jpg,smoke_only,yolo,smoke,1,0.7132,1,1
WEB11793.jpg,smoke_only,dfire_yolov8n,smoke,1,0.6704,1,1
WEB11793.jpg,smoke_only,pyronear,smoke,1,0.6542,1,1
AoF07806.jpg,flame_only,yolo,flame,0,0.0000,0,0
AoF07806.jpg,flame_only,dfire_yolov8n,flame,1,0.8950,1,1
AoF07806.jpg,flame_only,soul,flame,0,0.0000,0,0
AoF07807.jpg,flame_only,yolo,flame,0,0.0000,0,0
AoF07807.jpg,flame_only,dfire_yolov8n,flame,1,0.9027,1,1
AoF07807.jpg,flame_only,soul,flame,0,0.0000,0,0
AoF07829.jpg,flame_only,yolo,flame,0,0.0000,0,0
AoF07829.jpg,flame_only,dfire_yolov8n,flame,1,0.9250,1,1
AoF07829.jpg,flame_only,soul,flame,1,0.0000,0,0
AoF07840.jpg,flame_only,yolo,flame,0,0.0000,0,0
AoF07840.jpg,flame_only,dfire_yolov8n,flame,1,0.8950,1,1
AoF07840.jpg,flame_only,soul,flame,1,0.2282,0,0
AoF07852.jpg,flame_only,yolo,flame,0,0.0000,0,0
AoF07852.jpg,flame_only,dfire_yolov8n,flame,1,0.2667,0,0
AoF07852.jpg,flame_only,soul,flame,0,0.0000,0,0
AoF07861.jpg,flame_only,yolo,flame,0,0.0000,0,0
AoF07861.jpg,flame_only,dfire_yolov8n,flame,1,0.8865,1,1
AoF07861.jpg,flame_only,soul,flame,0,0.0000,0,0
AoF07867.jpg,flame_only,yolo,flame,0,0.0000,0,0
AoF07867.jpg,flame_only,dfire_yolov8n,flame,1,0.6982,1,1
AoF07867.jpg,flame_only,soul,flame,1,0.5818,1,1
AoF07875.jpg,flame_only,yolo,flame,0,0.0000,0,0
AoF07875.jpg,flame_only,dfire_yolov8n,flame,1,0.5787,1,1
AoF07875.jpg,flame_only,soul,flame,0,0.0000,0,0
AoF07882.jpg,flame_only,yolo,flame,0,0.0000,0,0
AoF07882.jpg,flame_only,dfire_yolov8n,flame,1,0.9008,1,1
AoF07882.jpg,flame_only,soul,flame,0,0.0000,0,0
AoF07884.jpg,flame_only,yolo,flame,0,0.0000,0,0
AoF07884.jpg,flame_only,dfire_yolov8n,flame,1,0.9550,1,1
AoF07884.jpg,flame_only,soul,flame,0,0.0000,0,0
AoF07887.jpg,flame_only,yolo,flame,0,0.0000,0,0
AoF07887.jpg,flame_only,dfire_yolov8n,flame,1,0.6897,1,1
AoF07887.jpg,flame_only,soul,flame,0,0.0000,0,0
AoF07907.jpg,flame_only,yolo,flame,0,0.0000,0,0
AoF07907.jpg,flame_only,dfire_yolov8n,flame,1,0.8657,1,1
AoF07907.jpg,flame_only,soul,flame,0,0.0000,0,0
AoF07908.jpg,flame_only,yolo,flame,0,0.0000,0,0
AoF07908.jpg,flame_only,dfire_yolov8n,flame,1,0.7952,1,1
AoF07908.jpg,flame_only,soul,flame,0,0.0000,0,0
AoF07914.jpg,flame_only,yolo,flame,0,0.0000,0,0
AoF07914.jpg,flame_only,dfire_yolov8n,flame,1,0.8868,1,1
AoF07914.jpg,flame_only,soul,flame,0,0.0000,0,0
AoF07935.jpg,flame_only,yolo,flame,0,0.0000,0,0
AoF07935.jpg,flame_only,dfire_yolov8n,flame,1,0.9309,1,1
AoF07935.jpg,flame_only,soul,flame,0,0.0000,0,0
AoF07942.jpg,flame_only,yolo,flame,1,0.8664,1,1
AoF07942.jpg,flame_only,dfire_yolov8n,flame,1,0.9172,1,1
AoF07942.jpg,flame_only,soul,flame,1,0.8994,1,1
AoF07946.jpg,flame_only,yolo,flame,1,0.8333,1,1
AoF07946.jpg,flame_only,dfire_yolov8n,flame,1,0.9130,1,1
AoF07946.jpg,flame_only,soul,flame,1,0.3880,1,0
PublicDataset01055.jpg,flame_only,yolo,flame,0,0.0000,0,0
PublicDataset01055.jpg,flame_only,dfire_yolov8n,flame,1,0.6017,1,1
PublicDataset01055.jpg,flame_only,soul,flame,1,0.4629,1,0
PublicDataset01063.jpg,flame_only,yolo,flame,1,0.7059,1,1
PublicDataset01063.jpg,flame_only,dfire_yolov8n,flame,1,0.7143,1,1
PublicDataset01063.jpg,flame_only,soul,flame,1,0.5821,1,1
PublicDataset01064.jpg,flame_only,yolo,flame,1,0.6296,1,1
PublicDataset01064.jpg,flame_only,dfire_yolov8n,flame,1,0.7917,1,1
PublicDataset01064.jpg,flame_only,soul,flame,1,0.4615,1,0
PublicDataset01073.jpg,flame_only,yolo,flame,1,0.8401,1,1
PublicDataset01073.jpg,flame_only,dfire_yolov8n,flame,1,0.6953,1,1
PublicDataset01073.jpg,flame_only,soul,flame,1,0.4574,1,0
PublicDataset01080.jpg,flame_only,yolo,flame,1,0.8235,1,1
PublicDataset01080.jpg,flame_only,dfire_yolov8n,flame,1,0.6429,1,1
PublicDataset01080.jpg,flame_only,soul,flame,0,0.0000,0,0
PublicDataset01317.jpg,flame_only,yolo,flame,1,0.8658,1,1
PublicDataset01317.jpg,flame_only,dfire_yolov8n,flame,1,0.8307,1,1
PublicDataset01317.jpg,flame_only,soul,flame,1,0.7711,1,1
PublicDataset01329.jpg,flame_only,yolo,flame,1,0.4670,1,0
PublicDataset01329.jpg,flame_only,dfire_yolov8n,flame,1,0.6480,1,1
PublicDataset01329.jpg,flame_only,soul,flame,1,0.7066,1,1
WEB10444.jpg,flame_only,yolo,flame,1,0.8207,1,1
WEB10444.jpg,flame_only,dfire_yolov8n,flame,1,0.9239,1,1
WEB10444.jpg,flame_only,soul,flame,1,0.6546,1,1
WEB10517.jpg,flame_only,yolo,flame,1,0.8066,1,1
WEB10517.jpg,flame_only,dfire_yolov8n,flame,1,0.9409,1,1
WEB10517.jpg,flame_only,soul,flame,1,0.6152,1,1
WEB10519.jpg,flame_only,yolo,flame,1,0.3755,1,0
WEB10519.jpg,flame_only,dfire_yolov8n,flame,1,0.3775,1,0
WEB10519.jpg,flame_only,soul,flame,1,0.6418,1,1
WEB10641.jpg,flame_only,yolo,flame,1,0.8084,1,1
WEB10641.jpg,flame_only,dfire_yolov8n,flame,1,0.7386,1,1
WEB10641.jpg,flame_only,soul,flame,1,0.1114,0,0
WEB10704.jpg,flame_only,yolo,flame,1,0.8429,1,1
WEB10704.jpg,flame_only,dfire_yolov8n,flame,1,0.6912,1,1
WEB10704.jpg,flame_only,soul,flame,1,0.6826,1,1
WEB10716.jpg,flame_only,yolo,flame,1,0.8777,1,1
WEB10716.jpg,flame_only,dfire_yolov8n,flame,0,0.0000,0,0
WEB10716.jpg,flame_only,soul,flame,1,0.4323,1,0
WEB10719.jpg,flame_only,yolo,flame,1,0.8455,1,1
WEB10719.jpg,flame_only,dfire_yolov8n,flame,0,0.0000,0,0
WEB10719.jpg,flame_only,soul,flame,1,0.5349,1,1
WEB10818.jpg,flame_only,yolo,flame,1,0.3168,1,0
WEB10818.jpg,flame_only,dfire_yolov8n,flame,1,0.8116,1,1
WEB10818.jpg,flame_only,soul,flame,1,0.2772,0,0
WEB10820.jpg,flame_only,yolo,flame,1,0.6087,1,1
WEB10820.jpg,flame_only,dfire_yolov8n,flame,1,0.8306,1,1
WEB10820.jpg,flame_only,soul,flame,1,0.8140,1,1
WEB10831.jpg,flame_only,yolo,flame,1,0.8550,1,1
WEB10831.jpg,flame_only,dfire_yolov8n,flame,1,0.8931,1,1
WEB10831.jpg,flame_only,soul,flame,1,0.7680,1,1
WEB10954.jpg,flame_only,yolo,flame,1,0.5356,1,1
WEB10954.jpg,flame_only,dfire_yolov8n,flame,1,0.8141,1,1
WEB10954.jpg,flame_only,soul,flame,0,0.0000,0,0
WEB10964.jpg,flame_only,yolo,flame,1,0.7675,1,1
WEB10964.jpg,flame_only,dfire_yolov8n,flame,1,0.8203,1,1
WEB10964.jpg,flame_only,soul,flame,1,0.4921,1,0
WEB10965.jpg,flame_only,yolo,flame,0,0.0000,0,0
WEB10965.jpg,flame_only,dfire_yolov8n,flame,0,0.0000,0,0
WEB10965.jpg,flame_only,soul,flame,0,0.0000,0,0
WEB10967.jpg,flame_only,yolo,flame,1,0.8341,1,1
WEB10967.jpg,flame_only,dfire_yolov8n,flame,1,0.6393,1,1
WEB10967.jpg,flame_only,soul,flame,0,0.0000,0,0
WEB11729.jpg,flame_only,yolo,flame,0,0.0000,0,0
WEB11729.jpg,flame_only,dfire_yolov8n,flame,0,0.0000,0,0
WEB11729.jpg,flame_only,soul,flame,0,0.0000,0,0
WEB11741.jpg,flame_only,yolo,flame,0,0.0000,0,0
WEB11741.jpg,flame_only,dfire_yolov8n,flame,0,0.0000,0,0
WEB11741.jpg,flame_only,soul,flame,1,0.2147,0,0
AoF07753.jpg,both,yolo,smoke,0,0.0000,0,0
AoF07753.jpg,both,yolo,flame,1,0.7141,1,1
AoF07753.jpg,both,dfire_yolov8n,smoke,1,0.7865,1,1
AoF07753.jpg,both,dfire_yolov8n,flame,1,0.9301,1,1
AoF07753.jpg,both,soul,flame,1,0.6258,1,1
AoF07753.jpg,both,pyronear,smoke,1,0.4098,1,0
AoF07775.jpg,both,yolo,smoke,0,0.0000,0,0
AoF07775.jpg,both,yolo,flame,1,0.8288,1,1
AoF07775.jpg,both,dfire_yolov8n,smoke,1,0.8556,1,1
AoF07775.jpg,both,dfire_yolov8n,flame,1,0.8949,1,1
AoF07775.jpg,both,soul,flame,0,0.0000,0,0
AoF07775.jpg,both,pyronear,smoke,0,0.0000,0,0
AoF07817.jpg,both,yolo,smoke,1,0.2259,0,0
AoF07817.jpg,both,yolo,flame,1,0.9237,1,1
AoF07817.jpg,both,dfire_yolov8n,smoke,1,0.2752,0,0
AoF07817.jpg,both,dfire_yolov8n,flame,1,0.8119,1,1
AoF07817.jpg,both,soul,flame,0,0.0000,0,0
AoF07817.jpg,both,pyronear,smoke,0,0.0000,0,0
AoF07898.jpg,both,yolo,smoke,0,0.0000,0,0
AoF07898.jpg,both,yolo,flame,0,0.0000,0,0
AoF07898.jpg,both,dfire_yolov8n,smoke,0,0.0000,0,0
AoF07898.jpg,both,dfire_yolov8n,flame,1,0.8604,1,1
AoF07898.jpg,both,soul,flame,0,0.0000,0,0
AoF07898.jpg,both,pyronear,smoke,0,0.0000,0,0
AoF07904.jpg,both,yolo,smoke,0,0.0000,0,0
AoF07904.jpg,both,yolo,flame,0,0.0000,0,0
AoF07904.jpg,both,dfire_yolov8n,smoke,1,0.9225,1,1
AoF07904.jpg,both,dfire_yolov8n,flame,1,0.8456,1,1
AoF07904.jpg,both,soul,flame,0,0.0000,0,0
AoF07904.jpg,both,pyronear,smoke,0,0.0000,0,0
AoF07925.jpg,both,yolo,smoke,1,0.5620,1,1
AoF07925.jpg,both,yolo,flame,0,0.0000,0,0
AoF07925.jpg,both,dfire_yolov8n,smoke,1,0.7022,1,1
AoF07925.jpg,both,dfire_yolov8n,flame,1,0.9495,1,1
AoF07925.jpg,both,soul,flame,1,0.9463,1,1
AoF07925.jpg,both,pyronear,smoke,0,0.0000,0,0
AoF07936.jpg,both,yolo,smoke,0,0.0000,0,0
AoF07936.jpg,both,yolo,flame,0,0.0000,0,0
AoF07936.jpg,both,dfire_yolov8n,smoke,0,0.0000,0,0
AoF07936.jpg,both,dfire_yolov8n,flame,1,0.9060,1,1
AoF07936.jpg,both,soul,flame,0,0.0000,0,0
AoF07936.jpg,both,pyronear,smoke,0,0.0000,0,0
AoF07947.jpg,both,yolo,smoke,1,0.5716,1,1
AoF07947.jpg,both,yolo,flame,1,0.9130,1,1
AoF07947.jpg,both,dfire_yolov8n,smoke,1,0.5218,1,1
AoF07947.jpg,both,dfire_yolov8n,flame,1,0.9308,1,1
AoF07947.jpg,both,soul,flame,1,0.7955,1,1
AoF07947.jpg,both,pyronear,smoke,1,0.2773,0,0
AoF08067.jpg,both,yolo,smoke,1,0.3376,1,0
AoF08067.jpg,both,yolo,flame,0,0.0000,0,0
AoF08067.jpg,both,dfire_yolov8n,smoke,1,0.3750,1,0
AoF08067.jpg,both,dfire_yolov8n,flame,1,0.6608,1,1
AoF08067.jpg,both,soul,flame,1,0.1308,0,0
AoF08067.jpg,both,pyronear,smoke,1,0.2319,0,0
PublicDataset01239.jpg,both,yolo,smoke,1,0.9541,1,1
PublicDataset01239.jpg,both,yolo,flame,1,0.7042,1,1
PublicDataset01239.jpg,both,dfire_yolov8n,smoke,1,0.9539,1,1
PublicDataset01239.jpg,both,dfire_yolov8n,flame,1,0.6494,1,1
PublicDataset01239.jpg,both,soul,flame,0,0.0000,0,0
PublicDataset01239.jpg,both,pyronear,smoke,0,0.0000,0,0
PublicDataset01324.jpg,both,yolo,smoke,0,0.0000,0,0
PublicDataset01324.jpg,both,yolo,flame,1,0.6248,1,1
PublicDataset01324.jpg,both,dfire_yolov8n,smoke,1,0.2798,0,0
PublicDataset01324.jpg,both,dfire_yolov8n,flame,1,0.4051,1,0
PublicDataset01324.jpg,both,soul,flame,1,0.8868,1,1
PublicDataset01324.jpg,both,pyronear,smoke,0,0.0000,0,0
WEB10456.jpg,both,yolo,smoke,1,0.2166,0,0
WEB10456.jpg,both,yolo,flame,1,0.8925,1,1
WEB10456.jpg,both,dfire_yolov8n,smoke,0,0.0000,0,0
WEB10456.jpg,both,dfire_yolov8n,flame,1,0.8355,1,1
WEB10456.jpg,both,soul,flame,1,0.7637,1,1
WEB10456.jpg,both,pyronear,smoke,0,0.0000,0,0
WEB10464.jpg,both,yolo,smoke,0,0.0000,0,0
WEB10464.jpg,both,yolo,flame,1,0.6716,1,1
WEB10464.jpg,both,dfire_yolov8n,smoke,1,0.7523,1,1
WEB10464.jpg,both,dfire_yolov8n,flame,1,0.4241,1,0
WEB10464.jpg,both,soul,flame,1,0.8562,1,1
WEB10464.jpg,both,pyronear,smoke,0,0.0000,0,0
WEB10471.jpg,both,yolo,smoke,1,0.8062,1,1
WEB10471.jpg,both,yolo,flame,1,0.8177,1,1
WEB10471.jpg,both,dfire_yolov8n,smoke,1,0.8398,1,1
WEB10471.jpg,both,dfire_yolov8n,flame,1,0.8467,1,1
WEB10471.jpg,both,soul,flame,1,0.8401,1,1
WEB10471.jpg,both,pyronear,smoke,0,0.0000,0,0
WEB10486.jpg,both,yolo,smoke,1,0.6420,1,1
WEB10486.jpg,both,yolo,flame,1,0.8743,1,1
WEB10486.jpg,both,dfire_yolov8n,smoke,1,0.8054,1,1
WEB10486.jpg,both,dfire_yolov8n,flame,1,0.8437,1,1
WEB10486.jpg,both,soul,flame,1,0.8425,1,1
WEB10486.jpg,both,pyronear,smoke,0,0.0000,0,0
WEB10487.jpg,both,yolo,smoke,1,0.5774,1,1
WEB10487.jpg,both,yolo,flame,1,0.8961,1,1
WEB10487.jpg,both,dfire_yolov8n,smoke,1,0.3472,1,0
WEB10487.jpg,both,dfire_yolov8n,flame,1,0.7346,1,1
WEB10487.jpg,both,soul,flame,1,0.4968,1,0
WEB10487.jpg,both,pyronear,smoke,0,0.0000,0,0
WEB10492.jpg,both,yolo,smoke,1,0.5833,1,1
WEB10492.jpg,both,yolo,flame,1,0.6332,1,1
WEB10492.jpg,both,dfire_yolov8n,smoke,1,0.5026,1,1
WEB10492.jpg,both,dfire_yolov8n,flame,1,0.4973,1,0
WEB10492.jpg,both,soul,flame,1,0.6959,1,1
WEB10492.jpg,both,pyronear,smoke,0,0.0000,0,0
WEB10505.jpg,both,yolo,smoke,1,0.9455,1,1
WEB10505.jpg,both,yolo,flame,1,0.5978,1,1
WEB10505.jpg,both,dfire_yolov8n,smoke,1,0.9312,1,1
WEB10505.jpg,both,dfire_yolov8n,flame,1,0.5856,1,1
WEB10505.jpg,both,soul,flame,1,0.5476,1,1
WEB10505.jpg,both,pyronear,smoke,0,0.0000,0,0
WEB10523.jpg,both,yolo,smoke,1,0.6426,1,1
WEB10523.jpg,both,yolo,flame,1,0.7788,1,1
WEB10523.jpg,both,dfire_yolov8n,smoke,0,0.0000,0,0
WEB10523.jpg,both,dfire_yolov8n,flame,1,0.7379,1,1
WEB10523.jpg,both,soul,flame,1,0.7011,1,1
WEB10523.jpg,both,pyronear,smoke,0,0.0000,0,0
WEB10618.jpg,both,yolo,smoke,1,0.5927,1,1
WEB10618.jpg,both,yolo,flame,1,0.9693,1,1
WEB10618.jpg,both,dfire_yolov8n,smoke,1,0.7038,1,1
WEB10618.jpg,both,dfire_yolov8n,flame,1,0.7564,1,1
WEB10618.jpg,both,soul,flame,1,0.7507,1,1
WEB10618.jpg,both,pyronear,smoke,0,0.0000,0,0
WEB10629.jpg,both,yolo,smoke,1,0.8899,1,1
WEB10629.jpg,both,yolo,flame,1,0.8738,1,1
WEB10629.jpg,both,dfire_yolov8n,smoke,1,0.8477,1,1
WEB10629.jpg,both,dfire_yolov8n,flame,1,0.8431,1,1
WEB10629.jpg,both,soul,flame,1,0.5927,1,1
WEB10629.jpg,both,pyronear,smoke,0,0.0000,0,0
WEB10646.jpg,both,yolo,smoke,1,0.2699,0,0
WEB10646.jpg,both,yolo,flame,1,0.9286,1,1
WEB10646.jpg,both,dfire_yolov8n,smoke,1,0.7778,1,1
WEB10646.jpg,both,dfire_yolov8n,flame,1,0.8307,1,1
WEB10646.jpg,both,soul,flame,0,0.0000,0,0
WEB10646.jpg,both,pyronear,smoke,0,0.0000,0,0
WEB10707.jpg,both,yolo,smoke,0,0.0000,0,0
WEB10707.jpg,both,yolo,flame,1,0.6246,1,1
WEB10707.jpg,both,dfire_yolov8n,smoke,1,0.9070,1,1
WEB10707.jpg,both,dfire_yolov8n,flame,1,0.6559,1,1
WEB10707.jpg,both,soul,flame,1,0.6149,1,1
WEB10707.jpg,both,pyronear,smoke,0,0.0000,0,0
WEB10713.jpg,both,yolo,smoke,1,0.7396,1,1
WEB10713.jpg,both,yolo,flame,1,0.9147,1,1
WEB10713.jpg,both,dfire_yolov8n,smoke,1,0.9384,1,1
WEB10713.jpg,both,dfire_yolov8n,flame,1,0.9444,1,1
WEB10713.jpg,both,soul,flame,1,0.8190,1,1
WEB10713.jpg,both,pyronear,smoke,1,0.0180,0,0
WEB10722.jpg,both,yolo,smoke,1,0.7883,1,1
WEB10722.jpg,both,yolo,flame,1,0.6528,1,1
WEB10722.jpg,both,dfire_yolov8n,smoke,1,0.8464,1,1
WEB10722.jpg,both,dfire_yolov8n,flame,1,0.7924,1,1
WEB10722.jpg,both,soul,flame,1,0.8547,1,1
WEB10722.jpg,both,pyronear,smoke,0,0.0000,0,0
WEB10730.jpg,both,yolo,smoke,0,0.0000,0,0
WEB10730.jpg,both,yolo,flame,1,0.8564,1,1
WEB10730.jpg,both,dfire_yolov8n,smoke,1,0.8522,1,1
WEB10730.jpg,both,dfire_yolov8n,flame,1,0.8447,1,1
WEB10730.jpg,both,soul,flame,1,0.7009,1,1
WEB10730.jpg,both,pyronear,smoke,0,0.0000,0,0
WEB10800.jpg,both,yolo,smoke,1,0.8765,1,1
WEB10800.jpg,both,yolo,flame,1,0.7880,1,1
WEB10800.jpg,both,dfire_yolov8n,smoke,1,0.9156,1,1
WEB10800.jpg,both,dfire_yolov8n,flame,1,0.8596,1,1
WEB10800.jpg,both,soul,flame,1,0.7269,1,1
WEB10800.jpg,both,pyronear,smoke,0,0.0000,0,0
WEB10811.jpg,both,yolo,smoke,1,0.9311,1,1
WEB10811.jpg,both,yolo,flame,1,0.6667,1,1
WEB10811.jpg,both,dfire_yolov8n,smoke,1,0.9563,1,1
WEB10811.jpg,both,dfire_yolov8n,flame,1,0.8997,1,1
WEB10811.jpg,both,soul,flame,1,0.5604,1,1
WEB10811.jpg,both,pyronear,smoke,0,0.0000,0,0
WEB10840.jpg,both,yolo,smoke,1,0.9244,1,1
WEB10840.jpg,both,yolo,flame,1,0.5750,1,1
WEB10840.jpg,both,dfire_yolov8n,smoke,1,0.9343,1,1
WEB10840.jpg,both,dfire_yolov8n,flame,1,0.8780,1,1
WEB10840.jpg,both,soul,flame,1,0.3510,1,0
WEB10840.jpg,both,pyronear,smoke,0,0.0000,0,0
WEB10850.jpg,both,yolo,smoke,1,0.3676,1,0
WEB10850.jpg,both,yolo,flame,1,0.7769,1,1
WEB10850.jpg,both,dfire_yolov8n,smoke,1,0.5554,1,1
WEB10850.jpg,both,dfire_yolov8n,flame,1,0.6885,1,1
WEB10850.jpg,both,soul,flame,1,0.6087,1,1
WEB10850.jpg,both,pyronear,smoke,0,0.0000,0,0
WEB10933.jpg,both,yolo,smoke,1,0.9586,1,1
WEB10933.jpg,both,yolo,flame,1,0.7555,1,1
WEB10933.jpg,both,dfire_yolov8n,smoke,1,0.9533,1,1
WEB10933.jpg,both,dfire_yolov8n,flame,1,0.7967,1,1
WEB10933.jpg,both,soul,flame,0,0.0000,0,0
WEB10933.jpg,both,pyronear,smoke,0,0.0000,0,0
WEB10945.jpg,both,yolo,smoke,1,0.6043,1,1
WEB10945.jpg,both,yolo,flame,1,0.9063,1,1
WEB10945.jpg,both,dfire_yolov8n,smoke,1,0.6259,1,1
WEB10945.jpg,both,dfire_yolov8n,flame,1,0.9023,1,1
WEB10945.jpg,both,soul,flame,1,0.5925,1,1
WEB10945.jpg,both,pyronear,smoke,0,0.0000,0,0
WEB10955.jpg,both,yolo,smoke,0,0.0000,0,0
WEB10955.jpg,both,yolo,flame,1,0.9157,1,1
WEB10955.jpg,both,dfire_yolov8n,smoke,1,0.8993,1,1
WEB10955.jpg,both,dfire_yolov8n,flame,1,0.7763,1,1
WEB10955.jpg,both,soul,flame,1,0.4861,1,0
WEB10955.jpg,both,pyronear,smoke,0,0.0000,0,0
WEB11052.jpg,both,yolo,smoke,0,0.0000,0,0
WEB11052.jpg,both,yolo,flame,1,0.8385,1,1
WEB11052.jpg,both,dfire_yolov8n,smoke,0,0.0000,0,0
WEB11052.jpg,both,dfire_yolov8n,flame,1,0.4076,1,0
WEB11052.jpg,both,soul,flame,1,0.9378,1,1
WEB11052.jpg,both,pyronear,smoke,0,0.0000,0,0
WEB11074.jpg,both,yolo,smoke,1,0.9630,1,1
WEB11074.jpg,both,yolo,flame,1,0.4444,1,0
WEB11074.jpg,both,dfire_yolov8n,smoke,1,0.9391,1,1
WEB11074.jpg,both,dfire_yolov8n,flame,0,0.0000,0,0
WEB11074.jpg,both,soul,flame,0,0.0000,0,0
WEB11074.jpg,both,pyronear,smoke,0,0.0000,0,0
WEB11133.jpg,both,yolo,smoke,1,0.8617,1,1
WEB11133.jpg,both,yolo,flame,1,0.7600,1,1
WEB11133.jpg,both,dfire_yolov8n,smoke,1,0.8255,1,1
WEB11133.jpg,both,dfire_yolov8n,flame,1,0.7332,1,1
WEB11133.jpg,both,soul,flame,1,0.8022,1,1
WEB11133.jpg,both,pyronear,smoke,0,0.0000,0,0
WEB11193.jpg,both,yolo,smoke,1,0.8267,1,1
WEB11193.jpg,both,yolo,flame,1,0.9453,1,1
WEB11193.jpg,both,dfire_yolov8n,smoke,1,0.7641,1,1
WEB11193.jpg,both,dfire_yolov8n,flame,1,0.7527,1,1
WEB11193.jpg,both,soul,flame,1,0.8276,1,1
WEB11193.jpg,both,pyronear,smoke,0,0.0000,0,0
WEB11457.jpg,both,yolo,smoke,1,0.8790,1,1
WEB11457.jpg,both,yolo,flame,1,0.6204,1,1
WEB11457.jpg,both,dfire_yolov8n,smoke,1,0.9493,1,1
WEB11457.jpg,both,dfire_yolov8n,flame,1,0.7377,1,1
WEB11457.jpg,both,soul,flame,1,0.4512,1,0
WEB11457.jpg,both,pyronear,smoke,0,0.0000,0,0
WEB11618.jpg,both,yolo,smoke,1,0.9371,1,1
WEB11618.jpg,both,yolo,flame,1,0.8508,1,1
WEB11618.jpg,both,dfire_yolov8n,smoke,1,0.9278,1,1
WEB11618.jpg,both,dfire_yolov8n,flame,1,0.8508,1,1
WEB11618.jpg,both,soul,flame,0,0.0000,0,0
WEB11618.jpg,both,pyronear,smoke,0,0.0000,0,0
WEB11760.jpg,both,yolo,smoke,1,0.9259,1,1
WEB11760.jpg,both,yolo,flame,1,0.5114,1,1
WEB11760.jpg,both,dfire_yolov8n,smoke,1,0.8359,1,1
WEB11760.jpg,both,dfire_yolov8n,flame,1,0.4860,1,0
WEB11760.jpg,both,soul,flame,0,0.0000,0,0
WEB11760.jpg,both,pyronear,smoke,0,0.0000,0,0
AoF08022.jpg,smoke_only,dfine,smoke,1,0.6344,1,1
AoF08040.jpg,smoke_only,dfine,smoke,1,0.0000,0,0
AoF08045.jpg,smoke_only,dfine,smoke,1,0.7604,1,1
AoF08063.jpg,smoke_only,dfine,smoke,1,0.5938,1,1
AoF08120.jpg,smoke_only,dfine,smoke,1,0.4419,1,0
AoF08145.jpg,smoke_only,dfine,smoke,1,0.7615,1,1
AoF08208.jpg,smoke_only,dfine,smoke,0,0.0000,0,0
AoF08214.jpg,smoke_only,dfine,smoke,1,0.6669,1,1
AoF08242.jpg,smoke_only,dfine,smoke,1,0.8651,1,1
AoF08282.jpg,smoke_only,dfine,smoke,1,0.7076,1,1
AoF08309.jpg,smoke_only,dfine,smoke,1,0.0000,0,0
AoF08347.jpg,smoke_only,dfine,smoke,1,0.3903,1,0
AoF08382.jpg,smoke_only,dfine,smoke,1,0.0103,0,0
PublicDataset01151.jpg,smoke_only,dfine,smoke,1,0.7863,1,1
PublicDataset01152.jpg,smoke_only,dfine,smoke,1,0.7402,1,1
PublicDataset01201.jpg,smoke_only,dfine,smoke,1,0.9130,1,1
PublicDataset01261.jpg,smoke_only,dfine,smoke,1,0.3747,1,0
PublicDataset01273.jpg,smoke_only,dfine,smoke,1,0.5946,1,1
WEB11014.jpg,smoke_only,dfine,smoke,1,0.6240,1,1
WEB11048.jpg,smoke_only,dfine,smoke,1,0.9550,1,1
WEB11122.jpg,smoke_only,dfine,smoke,1,0.9723,1,1
WEB11160.jpg,smoke_only,dfine,smoke,1,0.9426,1,1
WEB11167.jpg,smoke_only,dfine,smoke,1,0.8133,1,1
WEB11280.jpg,smoke_only,dfine,smoke,1,0.8438,1,1
WEB11331.jpg,smoke_only,dfine,smoke,1,0.8322,1,1
WEB11347.jpg,smoke_only,dfine,smoke,1,0.7642,1,1
WEB11351.jpg,smoke_only,dfine,smoke,1,0.8760,1,1
WEB11370.jpg,smoke_only,dfine,smoke,1,0.7644,1,1
WEB11405.jpg,smoke_only,dfine,smoke,1,0.8689,1,1
WEB11449.jpg,smoke_only,dfine,smoke,1,0.9617,1,1
WEB11516.jpg,smoke_only,dfine,smoke,1,0.9016,1,1
WEB11552.jpg,smoke_only,dfine,smoke,1,0.9142,1,1
WEB11565.jpg,smoke_only,dfine,smoke,1,0.8173,1,1
WEB11594.jpg,smoke_only,dfine,smoke,1,0.9177,1,1
WEB11604.jpg,smoke_only,dfine,smoke,1,0.9527,1,1
WEB11676.jpg,smoke_only,dfine,smoke,1,0.9450,1,1
WEB11712.jpg,smoke_only,dfine,smoke,1,0.7674,1,1
WEB11726.jpg,smoke_only,dfine,smoke,1,0.7408,1,1
WEB11766.jpg,smoke_only,dfine,smoke,1,0.8069,1,1
WEB11793.jpg,smoke_only,dfine,smoke,1,0.6647,1,1
AoF07806.jpg,flame_only,dfine,flame,1,0.7806,1,1
AoF07807.jpg,flame_only,dfine,flame,1,0.7546,1,1
AoF07829.jpg,flame_only,dfine,flame,1,0.7671,1,1
AoF07840.jpg,flame_only,dfine,flame,1,0.8882,1,1
AoF07852.jpg,flame_only,dfine,flame,1,0.2112,0,0
AoF07861.jpg,flame_only,dfine,flame,1,0.8727,1,1
AoF07867.jpg,flame_only,dfine,flame,1,0.6789,1,1
AoF07875.jpg,flame_only,dfine,flame,1,0.4931,1,0
AoF07882.jpg,flame_only,dfine,flame,1,0.7692,1,1
AoF07884.jpg,flame_only,dfine,flame,1,0.9398,1,1
AoF07887.jpg,flame_only,dfine,flame,1,0.5251,1,1
AoF07907.jpg,flame_only,dfine,flame,1,0.8408,1,1
AoF07908.jpg,flame_only,dfine,flame,1,0.8704,1,1
AoF07914.jpg,flame_only,dfine,flame,1,0.7868,1,1
AoF07935.jpg,flame_only,dfine,flame,1,0.9348,1,1
AoF07942.jpg,flame_only,dfine,flame,1,0.9097,1,1
AoF07946.jpg,flame_only,dfine,flame,1,0.9167,1,1
PublicDataset01055.jpg,flame_only,dfine,flame,1,0.4710,1,0
PublicDataset01063.jpg,flame_only,dfine,flame,1,0.7723,1,1
PublicDataset01064.jpg,flame_only,dfine,flame,1,0.7975,1,1
PublicDataset01073.jpg,flame_only,dfine,flame,1,0.6992,1,1
PublicDataset01080.jpg,flame_only,dfine,flame,1,0.8750,1,1
PublicDataset01317.jpg,flame_only,dfine,flame,1,0.8938,1,1
PublicDataset01329.jpg,flame_only,dfine,flame,1,0.8456,1,1
WEB10444.jpg,flame_only,dfine,flame,1,0.7987,1,1
WEB10517.jpg,flame_only,dfine,flame,1,0.8948,1,1
WEB10519.jpg,flame_only,dfine,flame,1,0.3608,1,0
WEB10641.jpg,flame_only,dfine,flame,1,0.8866,1,1
WEB10704.jpg,flame_only,dfine,flame,1,0.8597,1,1
WEB10716.jpg,flame_only,dfine,flame,1,0.8705,1,1
WEB10719.jpg,flame_only,dfine,flame,1,0.9045,1,1
WEB10818.jpg,flame_only,dfine,flame,1,0.8590,1,1
WEB10820.jpg,flame_only,dfine,flame,1,0.8654,1,1
WEB10831.jpg,flame_only,dfine,flame,1,0.9048,1,1
WEB10954.jpg,flame_only,dfine,flame,1,0.8912,1,1
WEB10964.jpg,flame_only,dfine,flame,1,0.8266,1,1
WEB10965.jpg,flame_only,dfine,flame,1,0.6839,1,1
WEB10967.jpg,flame_only,dfine,flame,1,0.5189,1,1
WEB11729.jpg,flame_only,dfine,flame,0,0.0000,0,0
WEB11741.jpg,flame_only,dfine,flame,1,0.0000,0,0
AoF07753.jpg,both,dfine,smoke,1,0.5117,1,1
AoF07753.jpg,both,dfine,flame,1,0.8524,1,1
AoF07775.jpg,both,dfine,smoke,0,0.0000,0,0
AoF07775.jpg,both,dfine,flame,1,0.6916,1,1
AoF07817.jpg,both,dfine,smoke,1,0.5848,1,1
AoF07817.jpg,both,dfine,flame,1,0.8709,1,1
AoF07898.jpg,both,dfine,smoke,0,0.0000,0,0
AoF07898.jpg,both,dfine,flame,1,0.8554,1,1
AoF07904.jpg,both,dfine,smoke,1,0.8791,1,1
AoF07904.jpg,both,dfine,flame,1,0.7307,1,1
AoF07925.jpg,both,dfine,smoke,1,0.6152,1,1
AoF07925.jpg,both,dfine,flame,1,0.0000,0,0
AoF07936.jpg,both,dfine,smoke,1,0.8061,1,1
AoF07936.jpg,both,dfine,flame,1,0.8468,1,1
AoF07947.jpg,both,dfine,smoke,1,0.6062,1,1
AoF07947.jpg,both,dfine,flame,1,0.8170,1,1
AoF08067.jpg,both,dfine,smoke,1,0.7761,1,1
AoF08067.jpg,both,dfine,flame,1,0.6104,1,1
PublicDataset01239.jpg,both,dfine,smoke,1,0.9566,1,1
PublicDataset01239.jpg,both,dfine,flame,1,0.6494,1,1
PublicDataset01324.jpg,both,dfine,smoke,1,0.6646,1,1
PublicDataset01324.jpg,both,dfine,flame,1,0.9119,1,1
WEB10456.jpg,both,dfine,smoke,1,0.4301,1,0
WEB10456.jpg,both,dfine,flame,1,0.8103,1,1
WEB10464.jpg,both,dfine,smoke,1,0.8401,1,1
WEB10464.jpg,both,dfine,flame,1,0.9463,1,1
WEB10471.jpg,both,dfine,smoke,1,0.8634,1,1
WEB10471.jpg,both,dfine,flame,1,0.7913,1,1
WEB10486.jpg,both,dfine,smoke,1,0.8749,1,1
WEB10486.jpg,both,dfine,flame,1,0.8858,1,1
WEB10487.jpg,both,dfine,smoke,1,0.9378,1,1
WEB10487.jpg,both,dfine,flame,1,0.9144,1,1
WEB10492.jpg,both,dfine,smoke,1,0.8262,1,1
WEB10492.jpg,both,dfine,flame,1,0.8407,1,1
WEB10505.jpg,both,dfine,smoke,1,0.9425,1,1
WEB10505.jpg,both,dfine,flame,1,0.7889,1,1
WEB10523.jpg,both,dfine,smoke,1,0.8693,1,1
WEB10523.jpg,both,dfine,flame,1,0.8363,1,1
WEB10618.jpg,both,dfine,smoke,1,0.6638,1,1
WEB10618.jpg,both,dfine,flame,1,0.9262,1,1
WEB10629.jpg,both,dfine,smoke,1,0.8005,1,1
WEB10629.jpg,both,dfine,flame,1,0.8785,1,1
WEB10646.jpg,both,dfine,smoke,1,0.6991,1,1
WEB10646.jpg,both,dfine,flame,1,0.8546,1,1
WEB10707.jpg,both,dfine,smoke,1,0.4293,1,0
WEB10707.jpg,both,dfine,flame,1,0.8209,1,1
WEB10713.jpg,both,dfine,smoke,1,0.8404,1,1
WEB10713.jpg,both,dfine,flame,1,0.8849,1,1
WEB10722.jpg,both,dfine,smoke,1,0.7758,1,1
WEB10722.jpg,both,dfine,flame,1,0.8756,1,1
WEB10730.jpg,both,dfine,smoke,1,0.9266,1,1
WEB10730.jpg,both,dfine,flame,1,0.8361,1,1
WEB10800.jpg,both,dfine,smoke,1,0.9018,1,1
WEB10800.jpg,both,dfine,flame,1,0.8447,1,1
WEB10811.jpg,both,dfine,smoke,1,0.9309,1,1
WEB10811.jpg,both,dfine,flame,1,0.8922,1,1
WEB10840.jpg,both,dfine,smoke,1,0.9694,1,1
WEB10840.jpg,both,dfine,flame,1,0.8862,1,1
WEB10850.jpg,both,dfine,smoke,1,0.8415,1,1
WEB10850.jpg,both,dfine,flame,1,0.8182,1,1
WEB10933.jpg,both,dfine,smoke,1,0.9448,1,1
WEB10933.jpg,both,dfine,flame,1,0.9381,1,1
WEB10945.jpg,both,dfine,smoke,1,0.5206,1,1
WEB10945.jpg,both,dfine,flame,1,0.9599,1,1
WEB10955.jpg,both,dfine,smoke,1,0.8190,1,1
WEB10955.jpg,both,dfine,flame,1,0.8582,1,1
WEB11052.jpg,both,dfine,smoke,0,0.0000,0,0
WEB11052.jpg,both,dfine,flame,1,0.8579,1,1
WEB11074.jpg,both,dfine,smoke,1,0.9688,1,1
WEB11074.jpg,both,dfine,flame,1,0.6087,1,1
WEB11133.jpg,both,dfine,smoke,1,0.9057,1,1
WEB11133.jpg,both,dfine,flame,1,0.8512,1,1
WEB11193.jpg,both,dfine,smoke,1,0.7431,1,1
WEB11193.jpg,both,dfine,flame,1,0.8320,1,1
WEB11457.jpg,both,dfine,smoke,1,0.9045,1,1
WEB11457.jpg,both,dfine,flame,1,0.8421,1,1
WEB11618.jpg,both,dfine,smoke,1,0.9256,1,1
WEB11618.jpg,both,dfine,flame,1,0.8922,1,1
WEB11760.jpg,both,dfine,smoke,1,0.9330,1,1
WEB11760.jpg,both,dfine,flame,1,0.8400,1,1
