video,window_start_s,window_end_s,frames,detector_hits,candidate_tubes,kept_tubes,smoke_decision,max_tube_probability,detector_ms_clip,tube_pipeline_ms,pad_ms,tubes_ms,crop_ms,classifier_ms,trigger_ms
VP3.mp4,0,19,20,12,1,1,0,0.20222618550774618,6802.8,1683.1,0.1,1.5,241.8,1432.6,0.4
VP3.mp4,10,29,20,2,1,1,0,0.017772559656560254,6802.8,975.0,0.0,0.1,47.5,926.4,0.1
FP1.mp4,0,19,20,0,0,0,0,0.0,5050.6,0.4,0.0,0.1,0,0,0
FP1.mp4,10,29,20,0,0,0,0,0.0,5050.6,0.1,0.0,0.0,0,0,0
FP14.mp4,0,1,2,0,0,0,0,0.0,507.0,0.2,0.0,0.0,0,0,0
FP31.mp4,0,15,16,0,0,0,0,0.0,3002.4,0.2,0.0,0.0,0,0,0
VP1.mp4,0,19,20,0,0,0,0,0.0,4759.6,0.2,0.0,0.0,0,0,0
VP1.mp4,10,29,20,6,1,1,0,0.10009879433178988,4759.6,1135.3,0.0,0.2,93.9,1039.9,0.1
VP5.mp4,0,19,20,0,0,0,0,0.0,4773.6,0.2,0.0,0.1,0,0,0
VP5.mp4,10,29,20,2,2,2,0,0.009568344016416217,4773.6,2324.9,0.0,0.2,52.4,2269.4,0.1
