video,model,threshold,sampled_frames,flagged_frames,first_raw_s,first_2_hit_s,first_smoke_s,first_flame_s,alert_episodes_2_hit,median_cpu_ms
FP1.mp4,dfine,0.25,30,0,,,,,0,378.6
FP1.mp4,dfine,0.50,30,0,,,,,0,378.6
FP1.mp4,yolo,0.25,30,0,,,,,0,708.1
FP1.mp4,yolo,0.50,30,0,,,,,0,708.1
FP1.mp4,dfire_yolov8n,0.25,30,0,,,,,0,49.9
FP1.mp4,dfire_yolov8n,0.50,30,0,,,,,0,49.9
FP1.mp4,soul,0.25,30,0,,,,,0,55.0
FP1.mp4,soul,0.50,30,0,,,,,0,55.0
FP1.mp4,pyronear,0.25,30,0,,,,,0,321.1
FP1.mp4,pyronear,0.50,30,0,,,,,0,321.1
FP14.mp4,dfine,0.25,2,1,0.000,,0.000,,0,386.1
FP14.mp4,dfine,0.50,2,0,,,,,0,386.1
FP14.mp4,yolo,0.25,2,0,,,,,0,773.1
FP14.mp4,yolo,0.50,2,0,,,,,0,773.1
FP14.mp4,dfire_yolov8n,0.25,2,0,,,,,0,57.0
FP14.mp4,dfire_yolov8n,0.50,2,0,,,,,0,57.0
FP14.mp4,soul,0.25,2,2,0.000,1.000,,0.000,1,53.3
FP14.mp4,soul,0.50,2,2,0.000,1.000,,0.000,1,53.3
FP14.mp4,pyronear,0.25,2,0,,,,,0,323.1
FP14.mp4,pyronear,0.50,2,0,,,,,0,323.1
FP31.mp4,dfine,0.25,16,8,2.000,3.000,2.000,2.000,1,364.2
FP31.mp4,dfine,0.50,16,3,2.000,,,2.000,0,364.2
FP31.mp4,yolo,0.25,16,8,0.000,3.000,,0.000,1,696.1
FP31.mp4,yolo,0.50,16,3,5.000,6.000,,5.000,1,696.1
FP31.mp4,dfire_yolov8n,0.25,16,4,4.000,5.000,,4.000,1,47.0
FP31.mp4,dfire_yolov8n,0.50,16,3,5.000,6.000,,5.000,1,47.0
FP31.mp4,soul,0.25,16,8,2.000,3.000,,2.000,1,51.2
FP31.mp4,soul,0.50,16,5,3.000,4.000,,3.000,1,51.2
FP31.mp4,pyronear,0.25,16,1,0.000,,0.000,,0,314.4
FP31.mp4,pyronear,0.50,16,0,,,,,0,314.4
VP1.mp4,dfine,0.25,30,25,1.000,2.000,1.000,1.000,3,367.3
VP1.mp4,dfine,0.50,30,9,7.000,23.000,7.000,,1,367.3
VP1.mp4,yolo,0.25,30,11,18.000,21.000,18.000,,1,681.6
VP1.mp4,yolo,0.50,30,6,24.000,25.000,24.000,,1,681.6
VP1.mp4,dfire_yolov8n,0.25,30,8,12.000,13.000,12.000,,2,48.9
VP1.mp4,dfire_yolov8n,0.50,30,1,27.000,,27.000,,0,48.9
VP1.mp4,soul,0.25,30,0,,,,,0,54.7
VP1.mp4,soul,0.50,30,0,,,,,0,54.7
VP1.mp4,pyronear,0.25,30,0,,,,,0,314.1
VP1.mp4,pyronear,0.50,30,0,,,,,0,314.1
VP3.mp4,dfine,0.25,30,27,0.000,1.000,0.000,1.000,2,360.4
VP3.mp4,dfine,0.50,30,3,2.000,,2.000,,0,360.4
VP3.mp4,yolo,0.25,30,6,6.000,9.000,6.000,,2,691.2
VP3.mp4,yolo,0.50,30,0,,,,,0,691.2
VP3.mp4,dfire_yolov8n,0.25,30,16,0.000,1.000,0.000,,2,52.7
VP3.mp4,dfire_yolov8n,0.50,30,8,0.000,1.000,0.000,,2,52.7
VP3.mp4,soul,0.25,30,0,,,,,0,52.8
VP3.mp4,soul,0.50,30,0,,,,,0,52.8
VP3.mp4,pyronear,0.25,30,4,1.000,2.000,1.000,,1,313.8
VP3.mp4,pyronear,0.50,30,0,,,,,0,313.8
VP5.mp4,dfine,0.25,30,30,0.000,1.000,0.000,,1,360.5
VP5.mp4,dfine,0.50,30,14,0.000,1.000,0.000,,4,360.5
VP5.mp4,yolo,0.25,30,4,0.000,1.000,0.000,,1,689.7
VP5.mp4,yolo,0.50,30,0,,,,,0,689.7
VP5.mp4,dfire_yolov8n,0.25,30,6,20.000,21.000,20.000,,1,48.3
VP5.mp4,dfire_yolov8n,0.50,30,0,,,,,0,48.3
VP5.mp4,soul,0.25,30,0,,,,,0,52.8
VP5.mp4,soul,0.50,30,0,,,,,0,52.8
VP5.mp4,pyronear,0.25,30,0,,,,,0,310.4
VP5.mp4,pyronear,0.50,30,0,,,,,0,310.4
