video,model,frame,time_s,width,height,latency_ms,max_smoke,max_flame,smoke_025,flame_025,smoke_050,flame_050
FP1.mp4,dfine,0,0.000,1280,720,1204.1,0.141707,0.144480,0,0,0,0
FP1.mp4,yolo,0,0.000,1280,720,1141.4,0.000000,0.000000,0,0,0,0
FP1.mp4,dfire_yolov8n,0,0.000,1280,720,129.5,0.000000,0.000000,0,0,0,0
FP1.mp4,soul,0,0.000,1280,720,132.9,0.000000,0.000000,0,0,0,0
FP1.mp4,pyronear,0,0.000,1280,720,578.2,0.000000,0.000000,0,0,0,0
FP1.mp4,dfine,1,1.000,1280,720,444.1,0.124984,0.182331,0,0,0,0
FP1.mp4,yolo,1,1.000,1280,720,804.2,0.000000,0.000000,0,0,0,0
FP1.mp4,dfire_yolov8n,1,1.000,1280,720,47.2,0.000000,0.000000,0,0,0,0
FP1.mp4,soul,1,1.000,1280,720,69.5,0.000000,0.000000,0,0,0,0
FP1.mp4,pyronear,1,1.000,1280,720,361.5,0.076107,0.000000,0,0,0,0
FP1.mp4,dfine,2,2.000,1280,720,400.0,0.085072,0.163256,0,0,0,0
FP1.mp4,yolo,2,2.000,1280,720,794.1,0.000000,0.000000,0,0,0,0
FP1.mp4,dfire_yolov8n,2,2.000,1280,720,51.4,0.000000,0.000000,0,0,0,0
FP1.mp4,soul,2,2.000,1280,720,56.1,0.000000,0.000000,0,0,0,0
FP1.mp4,pyronear,2,2.000,1280,720,333.1,0.054631,0.000000,0,0,0,0
FP1.mp4,dfine,3,3.000,1280,720,456.8,0.125873,0.144235,0,0,0,0
FP1.mp4,yolo,3,3.000,1280,720,754.5,0.000000,0.000000,0,0,0,0
FP1.mp4,dfire_yolov8n,3,3.000,1280,720,51.5,0.000000,0.000000,0,0,0,0
FP1.mp4,soul,3,3.000,1280,720,56.1,0.000000,0.000000,0,0,0,0
FP1.mp4,pyronear,3,3.000,1280,720,307.5,0.068034,0.000000,0,0,0,0
FP1.mp4,dfine,4,4.000,1280,720,416.0,0.099409,0.135615,0,0,0,0
FP1.mp4,yolo,4,4.000,1280,720,720.5,0.000000,0.000000,0,0,0,0
FP1.mp4,dfire_yolov8n,4,4.000,1280,720,51.7,0.000000,0.000000,0,0,0,0
FP1.mp4,soul,4,4.000,1280,720,58.5,0.000000,0.000000,0,0,0,0
FP1.mp4,pyronear,4,4.000,1280,720,317.8,0.051594,0.000000,0,0,0,0
FP1.mp4,dfine,5,5.000,1280,720,377.9,0.103301,0.109061,0,0,0,0
FP1.mp4,yolo,5,5.000,1280,720,703.6,0.000000,0.000000,0,0,0,0
FP1.mp4,dfire_yolov8n,5,5.000,1280,720,54.5,0.000000,0.000000,0,0,0,0
FP1.mp4,soul,5,5.000,1280,720,58.8,0.000000,0.000000,0,0,0,0
FP1.mp4,pyronear,5,5.000,1280,720,331.8,0.053386,0.000000,0,0,0,0
FP1.mp4,dfine,6,6.000,1280,720,375.0,0.115195,0.108627,0,0,0,0
FP1.mp4,yolo,6,6.000,1280,720,716.1,0.000000,0.000000,0,0,0,0
FP1.mp4,dfire_yolov8n,6,6.000,1280,720,49.7,0.000000,0.000000,0,0,0,0
FP1.mp4,soul,6,6.000,1280,720,56.5,0.000000,0.000000,0,0,0,0
FP1.mp4,pyronear,6,6.000,1280,720,324.4,0.066398,0.000000,0,0,0,0
FP1.mp4,dfine,7,7.000,1280,720,353.4,0.085553,0.122097,0,0,0,0
FP1.mp4,yolo,7,7.000,1280,720,636.5,0.000000,0.000000,0,0,0,0
FP1.mp4,dfire_yolov8n,7,7.000,1280,720,50.1,0.000000,0.000000,0,0,0,0
FP1.mp4,soul,7,7.000,1280,720,50.1,0.000000,0.000000,0,0,0,0
FP1.mp4,pyronear,7,7.000,1280,720,293.3,0.000000,0.000000,0,0,0,0
FP1.mp4,dfine,8,8.000,1280,720,341.8,0.096404,0.119659,0,0,0,0
FP1.mp4,yolo,8,8.000,1280,720,833.7,0.000000,0.000000,0,0,0,0
FP1.mp4,dfire_yolov8n,8,8.000,1280,720,56.0,0.000000,0.000000,0,0,0,0
FP1.mp4,soul,8,8.000,1280,720,64.7,0.000000,0.000000,0,0,0,0
FP1.mp4,pyronear,8,8.000,1280,720,336.2,0.067385,0.000000,0,0,0,0
FP1.mp4,dfine,9,9.000,1280,720,396.5,0.079822,0.100371,0,0,0,0
FP1.mp4,yolo,9,9.000,1280,720,763.7,0.000000,0.000000,0,0,0,0
FP1.mp4,dfire_yolov8n,9,9.000,1280,720,48.0,0.000000,0.000000,0,0,0,0
FP1.mp4,soul,9,9.000,1280,720,54.9,0.000000,0.000000,0,0,0,0
FP1.mp4,pyronear,9,9.000,1280,720,333.0,0.086670,0.000000,0,0,0,0
FP1.mp4,dfine,10,10.000,1280,720,358.9,0.127642,0.111247,0,0,0,0
FP1.mp4,yolo,10,10.000,1280,720,751.6,0.000000,0.000000,0,0,0,0
FP1.mp4,dfire_yolov8n,10,10.000,1280,720,48.6,0.000000,0.000000,0,0,0,0
FP1.mp4,soul,10,10.000,1280,720,55.2,0.000000,0.000000,0,0,0,0
FP1.mp4,pyronear,10,10.000,1280,720,330.8,0.051745,0.000000,0,0,0,0
FP1.mp4,dfine,11,11.000,1280,720,404.0,0.095491,0.080200,0,0,0,0
FP1.mp4,yolo,11,11.000,1280,720,761.5,0.000000,0.000000,0,0,0,0
FP1.mp4,dfire_yolov8n,11,11.000,1280,720,45.0,0.000000,0.000000,0,0,0,0
FP1.mp4,soul,11,11.000,1280,720,53.4,0.000000,0.000000,0,0,0,0
FP1.mp4,pyronear,11,11.000,1280,720,314.4,0.000000,0.000000,0,0,0,0
FP1.mp4,dfine,12,12.000,1280,720,390.9,0.091318,0.102802,0,0,0,0
FP1.mp4,yolo,12,12.000,1280,720,704.4,0.000000,0.000000,0,0,0,0
FP1.mp4,dfire_yolov8n,12,12.000,1280,720,52.2,0.000000,0.000000,0,0,0,0
FP1.mp4,soul,12,12.000,1280,720,53.8,0.000000,0.000000,0,0,0,0
FP1.mp4,pyronear,12,12.000,1280,720,297.9,0.000000,0.000000,0,0,0,0
FP1.mp4,dfine,13,13.000,1280,720,408.3,0.131350,0.120631,0,0,0,0
FP1.mp4,yolo,13,13.000,1280,720,733.2,0.000000,0.000000,0,0,0,0
FP1.mp4,dfire_yolov8n,13,13.000,1280,720,49.0,0.000000,0.000000,0,0,0,0
FP1.mp4,soul,13,13.000,1280,720,62.0,0.000000,0.000000,0,0,0,0
FP1.mp4,pyronear,13,13.000,1280,720,314.8,0.093204,0.000000,0,0,0,0
FP1.mp4,dfine,14,14.000,1280,720,329.8,0.078179,0.116863,0,0,0,0
FP1.mp4,yolo,14,14.000,1280,720,660.0,0.000000,0.000000,0,0,0,0
FP1.mp4,dfire_yolov8n,14,14.000,1280,720,47.5,0.000000,0.000000,0,0,0,0
FP1.mp4,soul,14,14.000,1280,720,50.3,0.000000,0.000000,0,0,0,0
FP1.mp4,pyronear,14,14.000,1280,720,297.8,0.000000,0.000000,0,0,0,0
FP1.mp4,dfine,15,15.000,1280,720,330.9,0.076692,0.084728,0,0,0,0
FP1.mp4,yolo,15,15.000,1280,720,647.6,0.000000,0.000000,0,0,0,0
FP1.mp4,dfire_yolov8n,15,15.000,1280,720,45.4,0.000000,0.000000,0,0,0,0
FP1.mp4,soul,15,15.000,1280,720,59.2,0.000000,0.000000,0,0,0,0
FP1.mp4,pyronear,15,15.000,1280,720,387.6,0.100683,0.000000,0,0,0,0
FP1.mp4,dfine,16,16.000,1280,720,403.1,0.052254,0.094035,0,0,0,0
FP1.mp4,yolo,16,16.000,1280,720,596.8,0.000000,0.000000,0,0,0,0
FP1.mp4,dfire_yolov8n,16,16.000,1280,720,52.5,0.000000,0.000000,0,0,0,0
FP1.mp4,soul,16,16.000,1280,720,55.0,0.000000,0.000000,0,0,0,0
FP1.mp4,pyronear,16,16.000,1280,720,328.1,0.081323,0.000000,0,0,0,0
FP1.mp4,dfine,17,17.000,1280,720,359.9,0.085481,0.098687,0,0,0,0
FP1.mp4,yolo,17,17.000,1280,720,710.3,0.000000,0.000000,0,0,0,0
FP1.mp4,dfire_yolov8n,17,17.000,1280,720,47.8,0.000000,0.000000,0,0,0,0
FP1.mp4,soul,17,17.000,1280,720,53.3,0.000000,0.000000,0,0,0,0
FP1.mp4,pyronear,17,17.000,1280,720,316.6,0.056211,0.000000,0,0,0,0
FP1.mp4,dfine,18,18.000,1280,720,333.9,0.080497,0.082847,0,0,0,0
FP1.mp4,yolo,18,18.000,1280,720,606.4,0.000000,0.000000,0,0,0,0
FP1.mp4,dfire_yolov8n,18,18.000,1280,720,52.9,0.000000,0.000000,0,0,0,0
FP1.mp4,soul,18,18.000,1280,720,50.6,0.000000,0.000000,0,0,0,0
FP1.mp4,pyronear,18,18.000,1280,720,335.4,0.076057,0.000000,0,0,0,0
FP1.mp4,dfine,19,19.000,1280,720,365.9,0.104477,0.104390,0,0,0,0
FP1.mp4,yolo,19,19.000,1280,720,662.6,0.000000,0.000000,0,0,0,0
FP1.mp4,dfire_yolov8n,19,19.000,1280,720,50.3,0.000000,0.000000,0,0,0,0
FP1.mp4,soul,19,19.000,1280,720,72.1,0.000000,0.000000,0,0,0,0
FP1.mp4,pyronear,19,19.000,1280,720,316.3,0.065727,0.000000,0,0,0,0
FP1.mp4,dfine,20,20.000,1280,720,383.9,0.072729,0.096892,0,0,0,0
FP1.mp4,yolo,20,20.000,1280,720,756.3,0.000000,0.000000,0,0,0,0
FP1.mp4,dfire_yolov8n,20,20.000,1280,720,52.0,0.000000,0.000000,0,0,0,0
FP1.mp4,soul,20,20.000,1280,720,50.2,0.000000,0.000000,0,0,0,0
FP1.mp4,pyronear,20,20.000,1280,720,333.6,0.086033,0.000000,0,0,0,0
FP1.mp4,dfine,21,21.000,1280,720,386.1,0.096638,0.072331,0,0,0,0
FP1.mp4,yolo,21,21.000,1280,720,675.0,0.000000,0.000000,0,0,0,0
FP1.mp4,dfire_yolov8n,21,21.000,1280,720,44.0,0.000000,0.000000,0,0,0,0
FP1.mp4,soul,21,21.000,1280,720,55.1,0.000000,0.000000,0,0,0,0
FP1.mp4,pyronear,21,21.000,1280,720,373.2,0.000000,0.000000,0,0,0,0
FP1.mp4,dfine,22,22.000,1280,720,344.6,0.096880,0.089004,0,0,0,0
FP1.mp4,yolo,22,22.000,1280,720,725.7,0.000000,0.000000,0,0,0,0
FP1.mp4,dfire_yolov8n,22,22.000,1280,720,49.5,0.000000,0.000000,0,0,0,0
FP1.mp4,soul,22,22.000,1280,720,50.6,0.000000,0.000000,0,0,0,0
FP1.mp4,pyronear,22,22.000,1280,720,309.0,0.000000,0.000000,0,0,0,0
FP1.mp4,dfine,23,23.000,1280,720,386.4,0.097048,0.100281,0,0,0,0
FP1.mp4,yolo,23,23.000,1280,720,706.0,0.000000,0.000000,0,0,0,0
FP1.mp4,dfire_yolov8n,23,23.000,1280,720,47.7,0.000000,0.000000,0,0,0,0
FP1.mp4,soul,23,23.000,1280,720,50.5,0.000000,0.000000,0,0,0,0
FP1.mp4,pyronear,23,23.000,1280,720,301.0,0.058870,0.000000,0,0,0,0
FP1.mp4,dfine,24,24.000,1280,720,372.5,0.133111,0.083456,0,0,0,0
FP1.mp4,yolo,24,24.000,1280,720,679.5,0.000000,0.000000,0,0,0,0
FP1.mp4,dfire_yolov8n,24,24.000,1280,720,44.0,0.000000,0.000000,0,0,0,0
FP1.mp4,soul,24,24.000,1280,720,47.8,0.000000,0.000000,0,0,0,0
FP1.mp4,pyronear,24,24.000,1280,720,310.2,0.000000,0.000000,0,0,0,0
FP1.mp4,dfine,25,25.000,1280,720,379.4,0.074205,0.084347,0,0,0,0
FP1.mp4,yolo,25,25.000,1280,720,612.3,0.000000,0.000000,0,0,0,0
FP1.mp4,dfire_yolov8n,25,25.000,1280,720,45.0,0.000000,0.000000,0,0,0,0
FP1.mp4,soul,25,25.000,1280,720,53.3,0.000000,0.000000,0,0,0,0
FP1.mp4,pyronear,25,25.000,1280,720,292.9,0.000000,0.000000,0,0,0,0
FP1.mp4,dfine,26,26.000,1280,720,372.5,0.087878,0.088573,0,0,0,0
FP1.mp4,yolo,26,26.000,1280,720,752.0,0.000000,0.000000,0,0,0,0
FP1.mp4,dfire_yolov8n,26,26.000,1280,720,50.0,0.000000,0.000000,0,0,0,0
FP1.mp4,soul,26,26.000,1280,720,51.0,0.000000,0.000000,0,0,0,0
FP1.mp4,pyronear,26,26.000,1280,720,371.5,0.000000,0.000000,0,0,0,0
FP1.mp4,dfine,27,27.000,1280,720,381.4,0.077873,0.095441,0,0,0,0
FP1.mp4,yolo,27,27.000,1280,720,702.8,0.000000,0.000000,0,0,0,0
FP1.mp4,dfire_yolov8n,27,27.000,1280,720,50.7,0.000000,0.000000,0,0,0,0
FP1.mp4,soul,27,27.000,1280,720,44.4,0.000000,0.000000,0,0,0,0
FP1.mp4,pyronear,27,27.000,1280,720,313.6,0.089099,0.000000,0,0,0,0
FP1.mp4,dfine,28,28.000,1280,720,352.0,0.077032,0.105961,0,0,0,0
FP1.mp4,yolo,28,28.000,1280,720,693.0,0.000000,0.000000,0,0,0,0
FP1.mp4,dfire_yolov8n,28,28.000,1280,720,67.3,0.000000,0.000000,0,0,0,0
FP1.mp4,soul,28,28.000,1280,720,62.6,0.000000,0.000000,0,0,0,0
FP1.mp4,pyronear,28,28.000,1280,720,349.8,0.062084,0.000000,0,0,0,0
FP1.mp4,dfine,29,29.000,1280,720,351.4,0.071115,0.100093,0,0,0,0
FP1.mp4,yolo,29,29.000,1280,720,698.3,0.000000,0.000000,0,0,0,0
FP1.mp4,dfire_yolov8n,29,29.000,1280,720,47.8,0.000000,0.000000,0,0,0,0
FP1.mp4,soul,29,29.000,1280,720,51.6,0.000000,0.000000,0,0,0,0
FP1.mp4,pyronear,29,29.000,1280,720,290.4,0.068243,0.000000,0,0,0,0
FP14.mp4,dfine,0,0.000,1280,720,337.3,0.280490,0.084838,1,0,0,0
FP14.mp4,yolo,0,0.000,1280,720,712.4,0.000000,0.000000,0,0,0,0
FP14.mp4,dfire_yolov8n,0,0.000,1280,720,54.1,0.185693,0.000000,0,0,0,0
FP14.mp4,soul,0,0.000,1280,720,50.9,0.000000,0.548991,0,1,0,1
FP14.mp4,pyronear,0,0.000,1280,720,322.5,0.000000,0.000000,0,0,0,0
FP14.mp4,dfine,2,1.000,1280,720,435.0,0.062932,0.160267,0,0,0,0
FP14.mp4,yolo,2,1.000,1280,720,833.9,0.000000,0.000000,0,0,0,0
FP14.mp4,dfire_yolov8n,2,1.000,1280,720,59.8,0.193381,0.000000,0,0,0,0
FP14.mp4,soul,2,1.000,1280,720,55.7,0.000000,0.741690,0,1,0,1
FP14.mp4,pyronear,2,1.000,1280,720,323.8,0.000000,0.000000,0,0,0,0
FP31.mp4,dfine,0,0.000,320,240,375.6,0.129472,0.130235,0,0,0,0
FP31.mp4,yolo,0,0.000,320,240,701.4,0.000000,0.469867,0,1,0,0
FP31.mp4,dfire_yolov8n,0,0.000,320,240,48.7,0.000000,0.000000,0,0,0,0
FP31.mp4,soul,0,0.000,320,240,51.8,0.000000,0.000000,0,0,0,0
FP31.mp4,pyronear,0,0.000,320,240,304.5,0.353005,0.000000,1,0,0,0
FP31.mp4,dfine,10,1.000,320,240,362.8,0.059363,0.134589,0,0,0,0
FP31.mp4,yolo,10,1.000,320,240,642.5,0.000000,0.240763,0,0,0,0
FP31.mp4,dfire_yolov8n,10,1.000,320,240,54.7,0.000000,0.000000,0,0,0,0
FP31.mp4,soul,10,1.000,320,240,48.3,0.000000,0.000000,0,0,0,0
FP31.mp4,pyronear,10,1.000,320,240,312.3,0.000000,0.000000,0,0,0,0
FP31.mp4,dfine,20,2.000,320,240,377.8,0.361587,0.549486,1,1,0,1
FP31.mp4,yolo,20,2.000,320,240,674.8,0.000000,0.387086,0,1,0,0
FP31.mp4,dfire_yolov8n,20,2.000,320,240,41.7,0.000000,0.000000,0,0,0,0
FP31.mp4,soul,20,2.000,320,240,50.8,0.000000,0.467269,0,1,0,0
FP31.mp4,pyronear,20,2.000,320,240,326.7,0.000000,0.000000,0,0,0,0
FP31.mp4,dfine,30,3.000,320,240,336.8,0.338084,0.445732,1,1,0,0
FP31.mp4,yolo,30,3.000,320,240,678.1,0.000000,0.348807,0,1,0,0
FP31.mp4,dfire_yolov8n,30,3.000,320,240,39.5,0.000000,0.091289,0,0,0,0
FP31.mp4,soul,30,3.000,320,240,50.3,0.000000,0.520000,0,1,0,1
FP31.mp4,pyronear,30,3.000,320,240,315.1,0.000000,0.000000,0,0,0,0
FP31.mp4,dfine,40,4.000,320,240,357.5,0.357922,0.403358,1,1,0,0
FP31.mp4,yolo,40,4.000,320,240,696.2,0.000000,0.380276,0,1,0,0
FP31.mp4,dfire_yolov8n,40,4.000,320,240,47.8,0.065556,0.319419,0,1,0,0
FP31.mp4,soul,40,4.000,320,240,51.6,0.000000,0.822566,0,1,0,1
FP31.mp4,pyronear,40,4.000,320,240,313.7,0.142177,0.000000,0,0,0,0
FP31.mp4,dfine,50,5.000,320,240,384.3,0.419364,0.575218,1,1,0,1
FP31.mp4,yolo,50,5.000,320,240,773.9,0.000000,0.523452,0,1,0,1
FP31.mp4,dfire_yolov8n,50,5.000,320,240,46.0,0.080907,0.737612,0,1,0,1
FP31.mp4,soul,50,5.000,320,240,51.6,0.000000,0.882623,0,1,0,1
FP31.mp4,pyronear,50,5.000,320,240,289.0,0.000000,0.000000,0,0,0,0
FP31.mp4,dfine,60,6.000,320,240,404.8,0.357618,0.301628,1,1,0,0
FP31.mp4,yolo,60,6.000,320,240,793.0,0.050798,0.519419,0,1,0,1
FP31.mp4,dfire_yolov8n,60,6.000,320,240,52.7,0.000000,0.620799,0,1,0,1
FP31.mp4,soul,60,6.000,320,240,56.0,0.000000,0.828172,0,1,0,1
FP31.mp4,pyronear,60,6.000,320,240,318.6,0.000000,0.000000,0,0,0,0
FP31.mp4,dfine,70,7.000,320,240,409.0,0.368078,0.251240,1,1,0,0
FP31.mp4,yolo,70,7.000,320,240,744.8,0.000000,0.474206,0,1,0,0
FP31.mp4,dfire_yolov8n,70,7.000,320,240,47.7,0.000000,0.627697,0,1,0,1
FP31.mp4,soul,70,7.000,320,240,46.1,0.000000,0.769786,0,1,0,1
FP31.mp4,pyronear,70,7.000,320,240,324.8,0.000000,0.000000,0,0,0,0
FP31.mp4,dfine,80,8.000,320,240,352.8,0.360277,0.537948,1,1,0,1
FP31.mp4,yolo,80,8.000,320,240,738.8,0.000000,0.580608,0,1,0,1
FP31.mp4,dfire_yolov8n,80,8.000,320,240,52.3,0.000000,0.064705,0,0,0,0
FP31.mp4,soul,80,8.000,320,240,59.4,0.000000,0.418108,0,1,0,0
FP31.mp4,pyronear,80,8.000,320,240,306.1,0.000000,0.000000,0,0,0,0
FP31.mp4,dfine,90,9.000,320,240,346.1,0.153723,0.260608,0,1,0,0
FP31.mp4,yolo,90,9.000,320,240,603.6,0.000000,0.244849,0,0,0,0
FP31.mp4,dfire_yolov8n,90,9.000,320,240,39.8,0.000000,0.000000,0,0,0,0
FP31.mp4,soul,90,9.000,320,240,57.0,0.000000,0.462926,0,1,0,0
FP31.mp4,pyronear,90,9.000,320,240,311.5,0.000000,0.000000,0,0,0,0
FP31.mp4,dfine,100,10.000,320,240,360.9,0.078584,0.107917,0,0,0,0
FP31.mp4,yolo,100,10.000,320,240,668.0,0.000000,0.000000,0,0,0,0
FP31.mp4,dfire_yolov8n,100,10.000,320,240,47.4,0.000000,0.000000,0,0,0,0
FP31.mp4,soul,100,10.000,320,240,58.9,0.000000,0.000000,0,0,0,0
FP31.mp4,pyronear,100,10.000,320,240,331.8,0.000000,0.000000,0,0,0,0
FP31.mp4,dfine,110,11.000,320,240,364.1,0.061479,0.118252,0,0,0,0
FP31.mp4,yolo,110,11.000,320,240,696.0,0.000000,0.000000,0,0,0,0
FP31.mp4,dfire_yolov8n,110,11.000,320,240,42.3,0.000000,0.000000,0,0,0,0
FP31.mp4,soul,110,11.000,320,240,40.2,0.000000,0.000000,0,0,0,0
FP31.mp4,pyronear,110,11.000,320,240,339.9,0.065920,0.000000,0,0,0,0
FP31.mp4,dfine,120,12.000,320,240,364.4,0.071989,0.089599,0,0,0,0
FP31.mp4,yolo,120,12.000,320,240,663.7,0.000000,0.000000,0,0,0,0
FP31.mp4,dfire_yolov8n,120,12.000,320,240,46.6,0.000000,0.000000,0,0,0,0
FP31.mp4,soul,120,12.000,320,240,45.7,0.000000,0.000000,0,0,0,0
FP31.mp4,pyronear,120,12.000,320,240,308.9,0.000000,0.000000,0,0,0,0
FP31.mp4,dfine,130,13.000,320,240,359.2,0.000000,0.109139,0,0,0,0
FP31.mp4,yolo,130,13.000,320,240,694.9,0.000000,0.000000,0,0,0,0
FP31.mp4,dfire_yolov8n,130,13.000,320,240,44.2,0.000000,0.000000,0,0,0,0
FP31.mp4,soul,130,13.000,320,240,52.0,0.000000,0.000000,0,0,0,0
FP31.mp4,pyronear,130,13.000,320,240,309.2,0.000000,0.000000,0,0,0,0
FP31.mp4,dfine,140,14.000,320,240,386.9,0.000000,0.113066,0,0,0,0
FP31.mp4,yolo,140,14.000,320,240,739.8,0.000000,0.000000,0,0,0,0
FP31.mp4,dfire_yolov8n,140,14.000,320,240,54.9,0.000000,0.000000,0,0,0,0
FP31.mp4,soul,140,14.000,320,240,48.2,0.000000,0.000000,0,0,0,0
FP31.mp4,pyronear,140,14.000,320,240,338.2,0.000000,0.000000,0,0,0,0
FP31.mp4,dfine,150,15.000,320,240,394.7,0.000000,0.104687,0,0,0,0
FP31.mp4,yolo,150,15.000,320,240,705.2,0.000000,0.000000,0,0,0,0
FP31.mp4,dfire_yolov8n,150,15.000,320,240,46.2,0.000000,0.000000,0,0,0,0
FP31.mp4,soul,150,15.000,320,240,47.3,0.000000,0.000000,0,0,0,0
FP31.mp4,pyronear,150,15.000,320,240,364.4,0.000000,0.000000,0,0,0,0
VP1.mp4,dfine,0,0.000,1280,720,340.8,0.162692,0.181128,0,0,0,0
VP1.mp4,yolo,0,0.000,1280,720,661.2,0.000000,0.000000,0,0,0,0
VP1.mp4,dfire_yolov8n,0,0.000,1280,720,49.3,0.000000,0.000000,0,0,0,0
VP1.mp4,soul,0,0.000,1280,720,48.3,0.000000,0.000000,0,0,0,0
VP1.mp4,pyronear,0,0.000,1280,720,295.3,0.000000,0.000000,0,0,0,0
VP1.mp4,dfine,2,1.000,1280,720,364.1,0.307711,0.360997,1,1,0,0
VP1.mp4,yolo,2,1.000,1280,720,635.3,0.092010,0.000000,0,0,0,0
VP1.mp4,dfire_yolov8n,2,1.000,1280,720,43.5,0.000000,0.000000,0,0,0,0
VP1.mp4,soul,2,1.000,1280,720,53.7,0.000000,0.000000,0,0,0,0
VP1.mp4,pyronear,2,1.000,1280,720,297.6,0.000000,0.000000,0,0,0,0
VP1.mp4,dfine,4,2.000,1280,720,362.6,0.325869,0.262699,1,1,0,0
VP1.mp4,yolo,4,2.000,1280,720,633.4,0.054937,0.000000,0,0,0,0
VP1.mp4,dfire_yolov8n,4,2.000,1280,720,56.3,0.054307,0.000000,0,0,0,0
VP1.mp4,soul,4,2.000,1280,720,59.2,0.000000,0.000000,0,0,0,0
VP1.mp4,pyronear,4,2.000,1280,720,309.9,0.000000,0.000000,0,0,0,0
VP1.mp4,dfine,6,3.000,1280,720,455.0,0.138443,0.363352,0,1,0,0
VP1.mp4,yolo,6,3.000,1280,720,747.3,0.175611,0.000000,0,0,0,0
VP1.mp4,dfire_yolov8n,6,3.000,1280,720,53.8,0.000000,0.000000,0,0,0,0
VP1.mp4,soul,6,3.000,1280,720,51.9,0.000000,0.000000,0,0,0,0
VP1.mp4,pyronear,6,3.000,1280,720,308.4,0.000000,0.000000,0,0,0,0
VP1.mp4,dfine,8,4.000,1280,720,436.7,0.350102,0.140524,1,0,0,0
VP1.mp4,yolo,8,4.000,1280,720,749.6,0.000000,0.000000,0,0,0,0
VP1.mp4,dfire_yolov8n,8,4.000,1280,720,60.6,0.108587,0.000000,0,0,0,0
VP1.mp4,soul,8,4.000,1280,720,60.7,0.000000,0.000000,0,0,0,0
VP1.mp4,pyronear,8,4.000,1280,720,329.7,0.000000,0.000000,0,0,0,0
VP1.mp4,dfine,10,5.000,1280,720,442.8,0.256444,0.126087,1,0,0,0
VP1.mp4,yolo,10,5.000,1280,720,844.3,0.076306,0.000000,0,0,0,0
VP1.mp4,dfire_yolov8n,10,5.000,1280,720,50.1,0.168305,0.000000,0,0,0,0
VP1.mp4,soul,10,5.000,1280,720,56.4,0.000000,0.000000,0,0,0,0
VP1.mp4,pyronear,10,5.000,1280,720,295.6,0.000000,0.000000,0,0,0,0
VP1.mp4,dfine,12,6.000,1280,720,453.6,0.363457,0.098273,1,0,0,0
VP1.mp4,yolo,12,6.000,1280,720,779.3,0.133115,0.000000,0,0,0,0
VP1.mp4,dfire_yolov8n,12,6.000,1280,720,47.8,0.150620,0.000000,0,0,0,0
VP1.mp4,soul,12,6.000,1280,720,52.7,0.000000,0.000000,0,0,0,0
VP1.mp4,pyronear,12,6.000,1280,720,329.1,0.000000,0.000000,0,0,0,0
VP1.mp4,dfine,14,7.000,1280,720,421.8,0.501640,0.091450,1,0,1,0
VP1.mp4,yolo,14,7.000,1280,720,676.9,0.084127,0.000000,0,0,0,0
VP1.mp4,dfire_yolov8n,14,7.000,1280,720,46.4,0.109810,0.000000,0,0,0,0
VP1.mp4,soul,14,7.000,1280,720,67.6,0.000000,0.000000,0,0,0,0
VP1.mp4,pyronear,14,7.000,1280,720,314.0,0.000000,0.000000,0,0,0,0
VP1.mp4,dfine,16,8.000,1280,720,368.5,0.474155,0.145599,1,0,0,0
VP1.mp4,yolo,16,8.000,1280,720,759.8,0.125242,0.000000,0,0,0,0
VP1.mp4,dfire_yolov8n,16,8.000,1280,720,41.2,0.089704,0.000000,0,0,0,0
VP1.mp4,soul,16,8.000,1280,720,57.4,0.000000,0.000000,0,0,0,0
VP1.mp4,pyronear,16,8.000,1280,720,293.8,0.000000,0.000000,0,0,0,0
VP1.mp4,dfine,18,9.000,1280,720,384.6,0.485535,0.227675,1,0,0,0
VP1.mp4,yolo,18,9.000,1280,720,732.5,0.118264,0.000000,0,0,0,0
VP1.mp4,dfire_yolov8n,18,9.000,1280,720,41.6,0.116532,0.000000,0,0,0,0
VP1.mp4,soul,18,9.000,1280,720,54.5,0.000000,0.000000,0,0,0,0
VP1.mp4,pyronear,18,9.000,1280,720,287.0,0.000000,0.000000,0,0,0,0
VP1.mp4,dfine,20,10.000,1280,720,366.1,0.388820,0.215413,1,0,0,0
VP1.mp4,yolo,20,10.000,1280,720,679.6,0.138587,0.000000,0,0,0,0
VP1.mp4,dfire_yolov8n,20,10.000,1280,720,45.3,0.124427,0.000000,0,0,0,0
VP1.mp4,soul,20,10.000,1280,720,56.4,0.000000,0.000000,0,0,0,0
VP1.mp4,pyronear,20,10.000,1280,720,321.7,0.000000,0.000000,0,0,0,0
VP1.mp4,dfine,22,11.000,1280,720,325.9,0.480287,0.243407,1,0,0,0
VP1.mp4,yolo,22,11.000,1280,720,630.2,0.107191,0.000000,0,0,0,0
VP1.mp4,dfire_yolov8n,22,11.000,1280,720,50.0,0.151955,0.000000,0,0,0,0
VP1.mp4,soul,22,11.000,1280,720,53.2,0.000000,0.000000,0,0,0,0
VP1.mp4,pyronear,22,11.000,1280,720,318.0,0.000000,0.000000,0,0,0,0
VP1.mp4,dfine,24,12.000,1280,720,401.2,0.214675,0.140314,0,0,0,0
VP1.mp4,yolo,24,12.000,1280,720,691.5,0.068012,0.000000,0,0,0,0
VP1.mp4,dfire_yolov8n,24,12.000,1280,720,65.5,0.321189,0.000000,1,0,0,0
VP1.mp4,soul,24,12.000,1280,720,53.7,0.000000,0.000000,0,0,0,0
VP1.mp4,pyronear,24,12.000,1280,720,322.5,0.000000,0.000000,0,0,0,0
VP1.mp4,dfine,26,13.000,1280,720,362.4,0.430984,0.198970,1,0,0,0
VP1.mp4,yolo,26,13.000,1280,720,626.2,0.075092,0.000000,0,0,0,0
VP1.mp4,dfire_yolov8n,26,13.000,1280,720,53.4,0.262645,0.000000,1,0,0,0
VP1.mp4,soul,26,13.000,1280,720,53.0,0.000000,0.000000,0,0,0,0
VP1.mp4,pyronear,26,13.000,1280,720,305.7,0.000000,0.000000,0,0,0,0
VP1.mp4,dfine,28,14.000,1280,720,378.8,0.217591,0.181707,0,0,0,0
VP1.mp4,yolo,28,14.000,1280,720,704.4,0.128053,0.000000,0,0,0,0
VP1.mp4,dfire_yolov8n,28,14.000,1280,720,51.3,0.000000,0.000000,0,0,0,0
VP1.mp4,soul,28,14.000,1280,720,57.4,0.000000,0.000000,0,0,0,0
VP1.mp4,pyronear,28,14.000,1280,720,297.5,0.000000,0.000000,0,0,0,0
VP1.mp4,dfine,30,15.000,1280,720,402.6,0.298171,0.165592,1,0,0,0
VP1.mp4,yolo,30,15.000,1280,720,681.3,0.227931,0.000000,0,0,0,0
VP1.mp4,dfire_yolov8n,30,15.000,1280,720,38.8,0.113411,0.000000,0,0,0,0
VP1.mp4,soul,30,15.000,1280,720,55.0,0.000000,0.000000,0,0,0,0
VP1.mp4,pyronear,30,15.000,1280,720,291.2,0.000000,0.000000,0,0,0,0
VP1.mp4,dfine,32,16.000,1280,720,383.7,0.308728,0.199766,1,0,0,0
VP1.mp4,yolo,32,16.000,1280,720,707.4,0.228942,0.000000,0,0,0,0
VP1.mp4,dfire_yolov8n,32,16.000,1280,720,48.3,0.118583,0.000000,0,0,0,0
VP1.mp4,soul,32,16.000,1280,720,46.5,0.000000,0.000000,0,0,0,0
VP1.mp4,pyronear,32,16.000,1280,720,309.1,0.000000,0.000000,0,0,0,0
VP1.mp4,dfine,34,17.000,1280,720,321.6,0.204282,0.076078,0,0,0,0
VP1.mp4,yolo,34,17.000,1280,720,656.8,0.160465,0.000000,0,0,0,0
VP1.mp4,dfire_yolov8n,34,17.000,1280,720,45.3,0.234350,0.000000,0,0,0,0
VP1.mp4,soul,34,17.000,1280,720,62.6,0.000000,0.000000,0,0,0,0
VP1.mp4,pyronear,34,17.000,1280,720,330.4,0.000000,0.000000,0,0,0,0
VP1.mp4,dfine,36,18.000,1280,720,359.1,0.224193,0.117849,0,0,0,0
VP1.mp4,yolo,36,18.000,1280,720,679.9,0.312751,0.000000,1,0,0,0
VP1.mp4,dfire_yolov8n,36,18.000,1280,720,48.9,0.140494,0.000000,0,0,0,0
VP1.mp4,soul,36,18.000,1280,720,55.2,0.000000,0.000000,0,0,0,0
VP1.mp4,pyronear,36,18.000,1280,720,295.0,0.000000,0.000000,0,0,0,0
VP1.mp4,dfine,38,19.000,1280,720,401.2,0.374396,0.085011,1,0,0,0
VP1.mp4,yolo,38,19.000,1280,720,753.0,0.177443,0.000000,0,0,0,0
VP1.mp4,dfire_yolov8n,38,19.000,1280,720,48.9,0.000000,0.000000,0,0,0,0
VP1.mp4,soul,38,19.000,1280,720,52.3,0.000000,0.000000,0,0,0,0
VP1.mp4,pyronear,38,19.000,1280,720,350.3,0.000000,0.000000,0,0,0,0
VP1.mp4,dfine,40,20.000,1280,720,395.8,0.428250,0.200928,1,0,0,0
VP1.mp4,yolo,40,20.000,1280,720,588.7,0.295846,0.000000,1,0,0,0
VP1.mp4,dfire_yolov8n,40,20.000,1280,720,46.2,0.104271,0.000000,0,0,0,0
VP1.mp4,soul,40,20.000,1280,720,49.1,0.000000,0.000000,0,0,0,0
VP1.mp4,pyronear,40,20.000,1280,720,324.4,0.000000,0.000000,0,0,0,0
VP1.mp4,dfine,42,21.000,1280,720,349.8,0.427467,0.331152,1,1,0,0
VP1.mp4,yolo,42,21.000,1280,720,806.5,0.397402,0.000000,1,0,0,0
VP1.mp4,dfire_yolov8n,42,21.000,1280,720,44.6,0.055180,0.000000,0,0,0,0
VP1.mp4,soul,42,21.000,1280,720,54.9,0.000000,0.000000,0,0,0,0
VP1.mp4,pyronear,42,21.000,1280,720,320.5,0.000000,0.000000,0,0,0,0
VP1.mp4,dfine,44,22.000,1280,720,404.1,0.501814,0.397003,1,1,1,0
VP1.mp4,yolo,44,22.000,1280,720,701.2,0.382950,0.000000,1,0,0,0
VP1.mp4,dfire_yolov8n,44,22.000,1280,720,44.5,0.138706,0.000000,0,0,0,0
VP1.mp4,soul,44,22.000,1280,720,54.4,0.000000,0.000000,0,0,0,0
VP1.mp4,pyronear,44,22.000,1280,720,311.6,0.000000,0.000000,0,0,0,0
VP1.mp4,dfine,46,23.000,1280,720,372.6,0.608112,0.254734,1,1,1,0
VP1.mp4,yolo,46,23.000,1280,720,691.4,0.493752,0.000000,1,0,0,0
VP1.mp4,dfire_yolov8n,46,23.000,1280,720,56.2,0.303634,0.000000,1,0,0,0
VP1.mp4,soul,46,23.000,1280,720,55.2,0.000000,0.000000,0,0,0,0
VP1.mp4,pyronear,46,23.000,1280,720,332.6,0.000000,0.000000,0,0,0,0
VP1.mp4,dfine,48,24.000,1280,720,357.1,0.570426,0.248611,1,0,1,0
VP1.mp4,yolo,48,24.000,1280,720,682.0,0.574668,0.000000,1,0,1,0
VP1.mp4,dfire_yolov8n,48,24.000,1280,720,51.7,0.175099,0.000000,0,0,0,0
VP1.mp4,soul,48,24.000,1280,720,53.1,0.000000,0.000000,0,0,0,0
VP1.mp4,pyronear,48,24.000,1280,720,328.4,0.229840,0.000000,0,0,0,0
VP1.mp4,dfine,50,25.000,1280,720,324.5,0.665980,0.176011,1,0,1,0
VP1.mp4,yolo,50,25.000,1280,720,676.7,0.682402,0.000000,1,0,1,0
VP1.mp4,dfire_yolov8n,50,25.000,1280,720,45.8,0.408323,0.000000,1,0,0,0
VP1.mp4,soul,50,25.000,1280,720,65.6,0.000000,0.000000,0,0,0,0
VP1.mp4,pyronear,50,25.000,1280,720,314.1,0.207439,0.000000,0,0,0,0
VP1.mp4,dfine,52,26.000,1280,720,363.3,0.636510,0.235728,1,0,1,0
VP1.mp4,yolo,52,26.000,1280,720,650.7,0.563556,0.000000,1,0,1,0
VP1.mp4,dfire_yolov8n,52,26.000,1280,720,51.9,0.487998,0.000000,1,0,0,0
VP1.mp4,soul,52,26.000,1280,720,55.2,0.000000,0.000000,0,0,0,0
VP1.mp4,pyronear,52,26.000,1280,720,333.7,0.142278,0.000000,0,0,0,0
VP1.mp4,dfine,54,27.000,1280,720,364.4,0.674220,0.158417,1,0,1,0
VP1.mp4,yolo,54,27.000,1280,720,667.5,0.635346,0.000000,1,0,1,0
VP1.mp4,dfire_yolov8n,54,27.000,1280,720,56.0,0.540822,0.000000,1,0,1,0
VP1.mp4,soul,54,27.000,1280,720,43.9,0.000000,0.000000,0,0,0,0
VP1.mp4,pyronear,54,27.000,1280,720,341.4,0.099397,0.000000,0,0,0,0
VP1.mp4,dfine,56,28.000,1280,720,342.6,0.662216,0.114648,1,0,1,0
VP1.mp4,yolo,56,28.000,1280,720,694.5,0.638967,0.000000,1,0,1,0
VP1.mp4,dfire_yolov8n,56,28.000,1280,720,48.0,0.384473,0.000000,1,0,0,0
VP1.mp4,soul,56,28.000,1280,720,64.2,0.000000,0.000000,0,0,0,0
VP1.mp4,pyronear,56,28.000,1280,720,317.1,0.213863,0.000000,0,0,0,0
VP1.mp4,dfine,58,29.000,1280,720,329.0,0.645302,0.131534,1,0,1,0
VP1.mp4,yolo,58,29.000,1280,720,660.5,0.648380,0.000000,1,0,1,0
VP1.mp4,dfire_yolov8n,58,29.000,1280,720,54.9,0.382520,0.000000,1,0,0,0
VP1.mp4,soul,58,29.000,1280,720,47.1,0.000000,0.000000,0,0,0,0
VP1.mp4,pyronear,58,29.000,1280,720,299.2,0.145172,0.000000,0,0,0,0
VP3.mp4,dfine,0,0.000,1280,720,412.0,0.473843,0.123234,1,0,0,0
VP3.mp4,yolo,0,0.000,1280,720,709.0,0.000000,0.000000,0,0,0,0
VP3.mp4,dfire_yolov8n,0,0.000,1280,720,50.6,0.504714,0.000000,1,0,1,0
VP3.mp4,soul,0,0.000,1280,720,51.5,0.000000,0.000000,0,0,0,0
VP3.mp4,pyronear,0,0.000,1280,720,308.0,0.227824,0.000000,0,0,0,0
VP3.mp4,dfine,2,1.000,1280,720,362.7,0.444534,0.343720,1,1,0,0
VP3.mp4,yolo,2,1.000,1280,720,677.5,0.074508,0.000000,0,0,0,0
VP3.mp4,dfire_yolov8n,2,1.000,1280,720,45.4,0.561060,0.000000,1,0,1,0
VP3.mp4,soul,2,1.000,1280,720,50.1,0.000000,0.000000,0,0,0,0
VP3.mp4,pyronear,2,1.000,1280,720,311.2,0.325162,0.000000,1,0,0,0
VP3.mp4,dfine,4,2.000,1280,720,350.4,0.521933,0.314742,1,1,1,0
VP3.mp4,yolo,4,2.000,1280,720,662.0,0.178828,0.000000,0,0,0,0
VP3.mp4,dfire_yolov8n,4,2.000,1280,720,53.2,0.563529,0.000000,1,0,1,0
VP3.mp4,soul,4,2.000,1280,720,51.5,0.000000,0.066271,0,0,0,0
VP3.mp4,pyronear,4,2.000,1280,720,323.5,0.399518,0.000000,1,0,0,0
VP3.mp4,dfine,6,3.000,1280,720,390.4,0.320972,0.314664,1,1,0,0
VP3.mp4,yolo,6,3.000,1280,720,742.7,0.061644,0.000000,0,0,0,0
VP3.mp4,dfire_yolov8n,6,3.000,1280,720,59.4,0.569588,0.000000,1,0,1,0
VP3.mp4,soul,6,3.000,1280,720,52.7,0.000000,0.059532,0,0,0,0
VP3.mp4,pyronear,6,3.000,1280,720,309.1,0.341132,0.000000,1,0,0,0
VP3.mp4,dfine,8,4.000,1280,720,392.2,0.355507,0.231277,1,0,0,0
VP3.mp4,yolo,8,4.000,1280,720,812.9,0.154380,0.000000,0,0,0,0
VP3.mp4,dfire_yolov8n,8,4.000,1280,720,49.7,0.616441,0.000000,1,0,1,0
VP3.mp4,soul,8,4.000,1280,720,56.1,0.000000,0.000000,0,0,0,0
VP3.mp4,pyronear,8,4.000,1280,720,345.5,0.273491,0.000000,1,0,0,0
VP3.mp4,dfine,10,5.000,1280,720,342.5,0.326837,0.370914,1,1,0,0
VP3.mp4,yolo,10,5.000,1280,720,573.5,0.199626,0.000000,0,0,0,0
VP3.mp4,dfire_yolov8n,10,5.000,1280,720,45.9,0.597099,0.000000,1,0,1,0
VP3.mp4,soul,10,5.000,1280,720,56.9,0.000000,0.000000,0,0,0,0
VP3.mp4,pyronear,10,5.000,1280,720,322.9,0.191781,0.000000,0,0,0,0
VP3.mp4,dfine,12,6.000,1280,720,355.7,0.400190,0.302382,1,1,0,0
VP3.mp4,yolo,12,6.000,1280,720,673.0,0.307284,0.000000,1,0,0,0
VP3.mp4,dfire_yolov8n,12,6.000,1280,720,50.3,0.498486,0.000000,1,0,0,0
VP3.mp4,soul,12,6.000,1280,720,52.3,0.000000,0.000000,0,0,0,0
VP3.mp4,pyronear,12,6.000,1280,720,296.2,0.140084,0.000000,0,0,0,0
VP3.mp4,dfine,14,7.000,1280,720,355.9,0.494705,0.387212,1,1,0,0
VP3.mp4,yolo,14,7.000,1280,720,719.1,0.234563,0.000000,0,0,0,0
VP3.mp4,dfire_yolov8n,14,7.000,1280,720,47.6,0.483192,0.000000,1,0,0,0
VP3.mp4,soul,14,7.000,1280,720,58.2,0.000000,0.000000,0,0,0,0
VP3.mp4,pyronear,14,7.000,1280,720,287.9,0.105129,0.000000,0,0,0,0
VP3.mp4,dfine,16,8.000,1280,720,395.3,0.485413,0.300959,1,1,0,0
VP3.mp4,yolo,16,8.000,1280,720,733.0,0.499075,0.000000,1,0,0,0
VP3.mp4,dfire_yolov8n,16,8.000,1280,720,45.6,0.541561,0.000000,1,0,1,0
VP3.mp4,soul,16,8.000,1280,720,55.6,0.000000,0.056571,0,0,0,0
VP3.mp4,pyronear,16,8.000,1280,720,311.0,0.128395,0.000000,0,0,0,0
VP3.mp4,dfine,18,9.000,1280,720,345.6,0.510243,0.160746,1,0,1,0
VP3.mp4,yolo,18,9.000,1280,720,654.7,0.380591,0.000000,1,0,0,0
VP3.mp4,dfire_yolov8n,18,9.000,1280,720,53.2,0.528256,0.000000,1,0,1,0
VP3.mp4,soul,18,9.000,1280,720,62.2,0.000000,0.000000,0,0,0,0
VP3.mp4,pyronear,18,9.000,1280,720,299.0,0.212375,0.000000,0,0,0,0
VP3.mp4,dfine,20,10.000,1280,720,347.2,0.436941,0.233489,1,0,0,0
VP3.mp4,yolo,20,10.000,1280,720,801.8,0.201568,0.000000,0,0,0,0
VP3.mp4,dfire_yolov8n,20,10.000,1280,720,57.1,0.398251,0.000000,1,0,0,0
VP3.mp4,soul,20,10.000,1280,720,49.4,0.000000,0.000000,0,0,0,0
VP3.mp4,pyronear,20,10.000,1280,720,334.2,0.098590,0.000000,0,0,0,0
VP3.mp4,dfine,22,11.000,1280,720,407.9,0.495821,0.203604,1,0,0,0
VP3.mp4,yolo,22,11.000,1280,720,704.2,0.422795,0.000000,1,0,0,0
VP3.mp4,dfire_yolov8n,22,11.000,1280,720,52.5,0.432937,0.000000,1,0,0,0
VP3.mp4,soul,22,11.000,1280,720,50.0,0.000000,0.000000,0,0,0,0
VP3.mp4,pyronear,22,11.000,1280,720,298.2,0.000000,0.000000,0,0,0,0
VP3.mp4,dfine,24,12.000,1280,720,337.9,0.451064,0.360407,1,1,0,0
VP3.mp4,yolo,24,12.000,1280,720,787.3,0.317007,0.000000,1,0,0,0
VP3.mp4,dfire_yolov8n,24,12.000,1280,720,52.5,0.227587,0.000000,0,0,0,0
VP3.mp4,soul,24,12.000,1280,720,50.3,0.000000,0.000000,0,0,0,0
VP3.mp4,pyronear,24,12.000,1280,720,306.4,0.000000,0.000000,0,0,0,0
VP3.mp4,dfine,26,13.000,1280,720,380.7,0.426855,0.159669,1,0,0,0
VP3.mp4,yolo,26,13.000,1280,720,790.0,0.361075,0.000000,1,0,0,0
VP3.mp4,dfire_yolov8n,26,13.000,1280,720,55.9,0.244031,0.000000,0,0,0,0
VP3.mp4,soul,26,13.000,1280,720,54.1,0.000000,0.000000,0,0,0,0
VP3.mp4,pyronear,26,13.000,1280,720,313.4,0.000000,0.000000,0,0,0,0
VP3.mp4,dfine,28,14.000,1280,720,363.3,0.434428,0.128239,1,0,0,0
VP3.mp4,yolo,28,14.000,1280,720,674.7,0.128155,0.000000,0,0,0,0
VP3.mp4,dfire_yolov8n,28,14.000,1280,720,52.9,0.285719,0.000000,1,0,0,0
VP3.mp4,soul,28,14.000,1280,720,55.8,0.000000,0.000000,0,0,0,0
VP3.mp4,pyronear,28,14.000,1280,720,332.3,0.000000,0.000000,0,0,0,0
VP3.mp4,dfine,30,15.000,1280,720,342.5,0.338139,0.198455,1,0,0,0
VP3.mp4,yolo,30,15.000,1280,720,649.7,0.111469,0.000000,0,0,0,0
VP3.mp4,dfire_yolov8n,30,15.000,1280,720,51.1,0.101985,0.000000,0,0,0,0
VP3.mp4,soul,30,15.000,1280,720,54.1,0.000000,0.000000,0,0,0,0
VP3.mp4,pyronear,30,15.000,1280,720,322.3,0.000000,0.000000,0,0,0,0
VP3.mp4,dfine,32,16.000,1280,720,306.5,0.477646,0.156304,1,0,0,0
VP3.mp4,yolo,32,16.000,1280,720,710.3,0.133237,0.000000,0,0,0,0
VP3.mp4,dfire_yolov8n,32,16.000,1280,720,57.0,0.138835,0.000000,0,0,0,0
VP3.mp4,soul,32,16.000,1280,720,49.6,0.000000,0.000000,0,0,0,0
VP3.mp4,pyronear,32,16.000,1280,720,301.5,0.000000,0.000000,0,0,0,0
VP3.mp4,dfine,34,17.000,1280,720,410.5,0.454638,0.133836,1,0,0,0
VP3.mp4,yolo,34,17.000,1280,720,640.6,0.120102,0.000000,0,0,0,0
VP3.mp4,dfire_yolov8n,34,17.000,1280,720,55.5,0.310220,0.000000,1,0,0,0
VP3.mp4,soul,34,17.000,1280,720,50.6,0.000000,0.000000,0,0,0,0
VP3.mp4,pyronear,34,17.000,1280,720,314.1,0.000000,0.000000,0,0,0,0
VP3.mp4,dfine,36,18.000,1280,720,333.6,0.553237,0.301047,1,1,1,0
VP3.mp4,yolo,36,18.000,1280,720,618.9,0.242558,0.000000,0,0,0,0
VP3.mp4,dfire_yolov8n,36,18.000,1280,720,42.9,0.353268,0.000000,1,0,0,0
VP3.mp4,soul,36,18.000,1280,720,59.4,0.000000,0.000000,0,0,0,0
VP3.mp4,pyronear,36,18.000,1280,720,354.6,0.000000,0.000000,0,0,0,0
VP3.mp4,dfine,38,19.000,1280,720,396.3,0.459868,0.386829,1,1,0,0
VP3.mp4,yolo,38,19.000,1280,720,667.3,0.112549,0.000000,0,0,0,0
VP3.mp4,dfire_yolov8n,38,19.000,1280,720,53.5,0.295918,0.000000,1,0,0,0
VP3.mp4,soul,38,19.000,1280,720,62.2,0.000000,0.000000,0,0,0,0
VP3.mp4,pyronear,38,19.000,1280,720,342.4,0.000000,0.000000,0,0,0,0
VP3.mp4,dfine,40,20.000,1280,720,432.0,0.496625,0.304989,1,1,0,0
VP3.mp4,yolo,40,20.000,1280,720,724.5,0.125084,0.000000,0,0,0,0
VP3.mp4,dfire_yolov8n,40,20.000,1280,720,47.9,0.168331,0.000000,0,0,0,0
VP3.mp4,soul,40,20.000,1280,720,57.3,0.000000,0.000000,0,0,0,0
VP3.mp4,pyronear,40,20.000,1280,720,305.2,0.000000,0.000000,0,0,0,0
VP3.mp4,dfine,42,21.000,1280,720,358.0,0.418031,0.381493,1,1,0,0
VP3.mp4,yolo,42,21.000,1280,720,621.7,0.114133,0.000000,0,0,0,0
VP3.mp4,dfire_yolov8n,42,21.000,1280,720,48.2,0.080959,0.000000,0,0,0,0
VP3.mp4,soul,42,21.000,1280,720,50.0,0.000000,0.000000,0,0,0,0
VP3.mp4,pyronear,42,21.000,1280,720,298.5,0.000000,0.000000,0,0,0,0
VP3.mp4,dfine,44,22.000,1280,720,332.1,0.430750,0.185169,1,0,0,0
VP3.mp4,yolo,44,22.000,1280,720,726.4,0.054021,0.000000,0,0,0,0
VP3.mp4,dfire_yolov8n,44,22.000,1280,720,54.5,0.000000,0.000000,0,0,0,0
VP3.mp4,soul,44,22.000,1280,720,52.9,0.000000,0.000000,0,0,0,0
VP3.mp4,pyronear,44,22.000,1280,720,322.6,0.000000,0.000000,0,0,0,0
VP3.mp4,dfine,46,23.000,1280,720,407.9,0.279720,0.259786,1,1,0,0
VP3.mp4,yolo,46,23.000,1280,720,663.8,0.000000,0.000000,0,0,0,0
VP3.mp4,dfire_yolov8n,46,23.000,1280,720,55.2,0.000000,0.000000,0,0,0,0
VP3.mp4,soul,46,23.000,1280,720,51.9,0.000000,0.000000,0,0,0,0
VP3.mp4,pyronear,46,23.000,1280,720,333.2,0.000000,0.000000,0,0,0,0
VP3.mp4,dfine,48,24.000,1280,720,338.2,0.226775,0.172072,0,0,0,0
VP3.mp4,yolo,48,24.000,1280,720,640.1,0.000000,0.000000,0,0,0,0
VP3.mp4,dfire_yolov8n,48,24.000,1280,720,63.6,0.000000,0.000000,0,0,0,0
VP3.mp4,soul,48,24.000,1280,720,51.5,0.000000,0.000000,0,0,0,0
VP3.mp4,pyronear,48,24.000,1280,720,315.0,0.000000,0.000000,0,0,0,0
VP3.mp4,dfine,50,25.000,1280,720,310.7,0.194270,0.390961,0,1,0,0
VP3.mp4,yolo,50,25.000,1280,720,634.6,0.000000,0.000000,0,0,0,0
VP3.mp4,dfire_yolov8n,50,25.000,1280,720,41.1,0.000000,0.000000,0,0,0,0
VP3.mp4,soul,50,25.000,1280,720,53.9,0.000000,0.000000,0,0,0,0
VP3.mp4,pyronear,50,25.000,1280,720,312.1,0.000000,0.000000,0,0,0,0
VP3.mp4,dfine,52,26.000,1280,720,365.3,0.159856,0.276663,0,1,0,0
VP3.mp4,yolo,52,26.000,1280,720,678.1,0.000000,0.000000,0,0,0,0
VP3.mp4,dfire_yolov8n,52,26.000,1280,720,39.4,0.000000,0.000000,0,0,0,0
VP3.mp4,soul,52,26.000,1280,720,53.3,0.000000,0.000000,0,0,0,0
VP3.mp4,pyronear,52,26.000,1280,720,319.1,0.000000,0.000000,0,0,0,0
VP3.mp4,dfine,54,27.000,1280,720,350.8,0.162609,0.242620,0,0,0,0
VP3.mp4,yolo,54,27.000,1280,720,725.9,0.000000,0.000000,0,0,0,0
VP3.mp4,dfire_yolov8n,54,27.000,1280,720,58.0,0.000000,0.000000,0,0,0,0
VP3.mp4,soul,54,27.000,1280,720,51.0,0.000000,0.065759,0,0,0,0
VP3.mp4,pyronear,54,27.000,1280,720,328.6,0.000000,0.000000,0,0,0,0
VP3.mp4,dfine,56,28.000,1280,720,363.9,0.168928,0.325321,0,1,0,0
VP3.mp4,yolo,56,28.000,1280,720,715.7,0.000000,0.000000,0,0,0,0
VP3.mp4,dfire_yolov8n,56,28.000,1280,720,56.5,0.107915,0.000000,0,0,0,0
VP3.mp4,soul,56,28.000,1280,720,55.7,0.000000,0.000000,0,0,0,0
VP3.mp4,pyronear,56,28.000,1280,720,322.0,0.000000,0.000000,0,0,0,0
VP3.mp4,dfine,58,29.000,1280,720,417.4,0.153011,0.118467,0,0,0,0
VP3.mp4,yolo,58,29.000,1280,720,820.6,0.000000,0.000000,0,0,0,0
VP3.mp4,dfire_yolov8n,58,29.000,1280,720,58.7,0.110158,0.000000,0,0,0,0
VP3.mp4,soul,58,29.000,1280,720,50.6,0.000000,0.000000,0,0,0,0
VP3.mp4,pyronear,58,29.000,1280,720,306.0,0.000000,0.000000,0,0,0,0
VP5.mp4,dfine,0,0.000,1280,720,389.9,0.606376,0.054410,1,0,1,0
VP5.mp4,yolo,0,0.000,1280,720,705.9,0.316012,0.000000,1,0,0,0
VP5.mp4,dfire_yolov8n,0,0.000,1280,720,57.1,0.056642,0.000000,0,0,0,0
VP5.mp4,soul,0,0.000,1280,720,53.3,0.000000,0.000000,0,0,0,0
VP5.mp4,pyronear,0,0.000,1280,720,349.4,0.118702,0.000000,0,0,0,0
VP5.mp4,dfine,2,1.000,1280,720,423.0,0.548514,0.000000,1,0,1,0
VP5.mp4,yolo,2,1.000,1280,720,712.5,0.344363,0.000000,1,0,0,0
VP5.mp4,dfire_yolov8n,2,1.000,1280,720,47.8,0.000000,0.000000,0,0,0,0
VP5.mp4,soul,2,1.000,1280,720,55.5,0.000000,0.000000,0,0,0,0
VP5.mp4,pyronear,2,1.000,1280,720,298.1,0.116306,0.000000,0,0,0,0
VP5.mp4,dfine,4,2.000,1280,720,381.0,0.708020,0.000000,1,0,1,0
VP5.mp4,yolo,4,2.000,1280,720,674.4,0.296282,0.000000,1,0,0,0
VP5.mp4,dfire_yolov8n,4,2.000,1280,720,47.5,0.000000,0.000000,0,0,0,0
VP5.mp4,soul,4,2.000,1280,720,46.1,0.000000,0.000000,0,0,0,0
VP5.mp4,pyronear,4,2.000,1280,720,324.8,0.094778,0.000000,0,0,0,0
VP5.mp4,dfine,6,3.000,1280,720,352.8,0.658705,0.000000,1,0,1,0
VP5.mp4,yolo,6,3.000,1280,720,653.6,0.238880,0.000000,0,0,0,0
VP5.mp4,dfire_yolov8n,6,3.000,1280,720,39.1,0.000000,0.000000,0,0,0,0
VP5.mp4,soul,6,3.000,1280,720,56.2,0.000000,0.000000,0,0,0,0
VP5.mp4,pyronear,6,3.000,1280,720,283.3,0.110116,0.000000,0,0,0,0
VP5.mp4,dfine,8,4.000,1280,720,353.5,0.658711,0.000000,1,0,1,0
VP5.mp4,yolo,8,4.000,1280,720,628.8,0.239893,0.000000,0,0,0,0
VP5.mp4,dfire_yolov8n,8,4.000,1280,720,40.0,0.000000,0.000000,0,0,0,0
VP5.mp4,soul,8,4.000,1280,720,44.6,0.000000,0.000000,0,0,0,0
VP5.mp4,pyronear,8,4.000,1280,720,301.9,0.115209,0.000000,0,0,0,0
VP5.mp4,dfine,10,5.000,1280,720,338.0,0.601912,0.000000,1,0,1,0
VP5.mp4,yolo,10,5.000,1280,720,678.2,0.251758,0.000000,1,0,0,0
VP5.mp4,dfire_yolov8n,10,5.000,1280,720,44.9,0.000000,0.000000,0,0,0,0
VP5.mp4,soul,10,5.000,1280,720,58.0,0.000000,0.000000,0,0,0,0
VP5.mp4,pyronear,10,5.000,1280,720,354.2,0.119434,0.000000,0,0,0,0
VP5.mp4,dfine,12,6.000,1280,720,392.6,0.409974,0.000000,1,0,0,0
VP5.mp4,yolo,12,6.000,1280,720,753.4,0.128886,0.000000,0,0,0,0
VP5.mp4,dfire_yolov8n,12,6.000,1280,720,57.8,0.000000,0.000000,0,0,0,0
VP5.mp4,soul,12,6.000,1280,720,95.6,0.000000,0.000000,0,0,0,0
VP5.mp4,pyronear,12,6.000,1280,720,314.9,0.102814,0.000000,0,0,0,0
VP5.mp4,dfine,14,7.000,1280,720,407.0,0.353081,0.000000,1,0,0,0
VP5.mp4,yolo,14,7.000,1280,720,837.8,0.080984,0.000000,0,0,0,0
VP5.mp4,dfire_yolov8n,14,7.000,1280,720,53.4,0.000000,0.000000,0,0,0,0
VP5.mp4,soul,14,7.000,1280,720,57.6,0.000000,0.000000,0,0,0,0
VP5.mp4,pyronear,14,7.000,1280,720,318.5,0.108836,0.000000,0,0,0,0
VP5.mp4,dfine,16,8.000,1280,720,356.1,0.321753,0.000000,1,0,0,0
VP5.mp4,yolo,16,8.000,1280,720,662.0,0.123663,0.000000,0,0,0,0
VP5.mp4,dfire_yolov8n,16,8.000,1280,720,58.7,0.000000,0.000000,0,0,0,0
VP5.mp4,soul,16,8.000,1280,720,68.3,0.000000,0.000000,0,0,0,0
VP5.mp4,pyronear,16,8.000,1280,720,317.0,0.083782,0.000000,0,0,0,0
VP5.mp4,dfine,18,9.000,1280,720,352.1,0.660855,0.076463,1,0,1,0
VP5.mp4,yolo,18,9.000,1280,720,695.6,0.000000,0.000000,0,0,0,0
VP5.mp4,dfire_yolov8n,18,9.000,1280,720,44.0,0.000000,0.000000,0,0,0,0
VP5.mp4,soul,18,9.000,1280,720,52.2,0.000000,0.000000,0,0,0,0
VP5.mp4,pyronear,18,9.000,1280,720,314.8,0.125355,0.000000,0,0,0,0
VP5.mp4,dfine,20,10.000,1280,720,346.7,0.637813,0.077826,1,0,1,0
VP5.mp4,yolo,20,10.000,1280,720,623.1,0.000000,0.000000,0,0,0,0
VP5.mp4,dfire_yolov8n,20,10.000,1280,720,44.3,0.000000,0.000000,0,0,0,0
VP5.mp4,soul,20,10.000,1280,720,52.2,0.000000,0.000000,0,0,0,0
VP5.mp4,pyronear,20,10.000,1280,720,313.0,0.107968,0.000000,0,0,0,0
VP5.mp4,dfine,22,11.000,1280,720,355.2,0.570870,0.000000,1,0,1,0
VP5.mp4,yolo,22,11.000,1280,720,645.9,0.000000,0.000000,0,0,0,0
VP5.mp4,dfire_yolov8n,22,11.000,1280,720,45.7,0.000000,0.000000,0,0,0,0
VP5.mp4,soul,22,11.000,1280,720,47.5,0.000000,0.000000,0,0,0,0
VP5.mp4,pyronear,22,11.000,1280,720,315.9,0.140933,0.000000,0,0,0,0
VP5.mp4,dfine,24,12.000,1280,720,370.7,0.438028,0.000000,1,0,0,0
VP5.mp4,yolo,24,12.000,1280,720,683.8,0.000000,0.000000,0,0,0,0
VP5.mp4,dfire_yolov8n,24,12.000,1280,720,39.9,0.000000,0.000000,0,0,0,0
VP5.mp4,soul,24,12.000,1280,720,48.0,0.000000,0.000000,0,0,0,0
VP5.mp4,pyronear,24,12.000,1280,720,356.8,0.173782,0.000000,0,0,0,0
VP5.mp4,dfine,26,13.000,1280,720,363.6,0.478603,0.000000,1,0,0,0
VP5.mp4,yolo,26,13.000,1280,720,810.8,0.000000,0.000000,0,0,0,0
VP5.mp4,dfire_yolov8n,26,13.000,1280,720,41.2,0.000000,0.000000,0,0,0,0
VP5.mp4,soul,26,13.000,1280,720,55.1,0.000000,0.000000,0,0,0,0
VP5.mp4,pyronear,26,13.000,1280,720,318.0,0.126005,0.000000,0,0,0,0
VP5.mp4,dfine,28,14.000,1280,720,317.6,0.503543,0.000000,1,0,1,0
VP5.mp4,yolo,28,14.000,1280,720,713.5,0.000000,0.000000,0,0,0,0
VP5.mp4,dfire_yolov8n,28,14.000,1280,720,48.3,0.078825,0.000000,0,0,0,0
VP5.mp4,soul,28,14.000,1280,720,45.8,0.000000,0.000000,0,0,0,0
VP5.mp4,pyronear,28,14.000,1280,720,293.1,0.107168,0.000000,0,0,0,0
VP5.mp4,dfine,30,15.000,1280,720,342.6,0.538837,0.050042,1,0,1,0
VP5.mp4,yolo,30,15.000,1280,720,654.0,0.000000,0.000000,0,0,0,0
VP5.mp4,dfire_yolov8n,30,15.000,1280,720,52.0,0.000000,0.000000,0,0,0,0
VP5.mp4,soul,30,15.000,1280,720,59.1,0.000000,0.000000,0,0,0,0
VP5.mp4,pyronear,30,15.000,1280,720,299.5,0.123903,0.000000,0,0,0,0
VP5.mp4,dfine,32,16.000,1280,720,336.9,0.515120,0.057274,1,0,1,0
VP5.mp4,yolo,32,16.000,1280,720,636.4,0.000000,0.000000,0,0,0,0
VP5.mp4,dfire_yolov8n,32,16.000,1280,720,48.4,0.000000,0.000000,0,0,0,0
VP5.mp4,soul,32,16.000,1280,720,49.3,0.000000,0.000000,0,0,0,0
VP5.mp4,pyronear,32,16.000,1280,720,288.5,0.110532,0.000000,0,0,0,0
VP5.mp4,dfine,34,17.000,1280,720,375.5,0.258844,0.058307,1,0,0,0
VP5.mp4,yolo,34,17.000,1280,720,738.7,0.000000,0.000000,0,0,0,0
VP5.mp4,dfire_yolov8n,34,17.000,1280,720,51.1,0.060164,0.000000,0,0,0,0
VP5.mp4,soul,34,17.000,1280,720,45.6,0.000000,0.000000,0,0,0,0
VP5.mp4,pyronear,34,17.000,1280,720,322.7,0.083380,0.000000,0,0,0,0
VP5.mp4,dfine,36,18.000,1280,720,334.5,0.323850,0.000000,1,0,0,0
VP5.mp4,yolo,36,18.000,1280,720,704.3,0.000000,0.000000,0,0,0,0
VP5.mp4,dfire_yolov8n,36,18.000,1280,720,58.3,0.212034,0.000000,0,0,0,0
VP5.mp4,soul,36,18.000,1280,720,60.7,0.000000,0.000000,0,0,0,0
VP5.mp4,pyronear,36,18.000,1280,720,297.3,0.144342,0.000000,0,0,0,0
VP5.mp4,dfine,38,19.000,1280,720,465.7,0.444645,0.000000,1,0,0,0
VP5.mp4,yolo,38,19.000,1280,720,748.5,0.000000,0.000000,0,0,0,0
VP5.mp4,dfire_yolov8n,38,19.000,1280,720,47.8,0.227168,0.000000,0,0,0,0
VP5.mp4,soul,38,19.000,1280,720,54.9,0.000000,0.000000,0,0,0,0
VP5.mp4,pyronear,38,19.000,1280,720,306.7,0.135980,0.000000,0,0,0,0
VP5.mp4,dfine,40,20.000,1280,720,440.5,0.440652,0.000000,1,0,0,0
VP5.mp4,yolo,40,20.000,1280,720,634.1,0.000000,0.000000,0,0,0,0
VP5.mp4,dfire_yolov8n,40,20.000,1280,720,59.4,0.348694,0.000000,1,0,0,0
VP5.mp4,soul,40,20.000,1280,720,54.9,0.000000,0.000000,0,0,0,0
VP5.mp4,pyronear,40,20.000,1280,720,323.3,0.180081,0.000000,0,0,0,0
VP5.mp4,dfine,42,21.000,1280,720,320.6,0.474489,0.000000,1,0,0,0
VP5.mp4,yolo,42,21.000,1280,720,596.4,0.052311,0.000000,0,0,0,0
VP5.mp4,dfire_yolov8n,42,21.000,1280,720,54.7,0.442229,0.000000,1,0,0,0
VP5.mp4,soul,42,21.000,1280,720,48.2,0.000000,0.000000,0,0,0,0
VP5.mp4,pyronear,42,21.000,1280,720,276.7,0.127676,0.000000,0,0,0,0
VP5.mp4,dfine,44,22.000,1280,720,351.1,0.317129,0.000000,1,0,0,0
VP5.mp4,yolo,44,22.000,1280,720,740.3,0.052366,0.000000,0,0,0,0
VP5.mp4,dfire_yolov8n,44,22.000,1280,720,55.2,0.348366,0.000000,1,0,0,0
VP5.mp4,soul,44,22.000,1280,720,47.2,0.000000,0.000000,0,0,0,0
VP5.mp4,pyronear,44,22.000,1280,720,300.1,0.172400,0.000000,0,0,0,0
VP5.mp4,dfine,46,23.000,1280,720,357.3,0.517108,0.000000,1,0,1,0
VP5.mp4,yolo,46,23.000,1280,720,709.4,0.000000,0.000000,0,0,0,0
VP5.mp4,dfire_yolov8n,46,23.000,1280,720,53.2,0.331849,0.000000,1,0,0,0
VP5.mp4,soul,46,23.000,1280,720,54.1,0.000000,0.000000,0,0,0,0
VP5.mp4,pyronear,46,23.000,1280,720,364.1,0.092507,0.000000,0,0,0,0
VP5.mp4,dfine,48,24.000,1280,720,329.3,0.571840,0.000000,1,0,1,0
VP5.mp4,yolo,48,24.000,1280,720,683.8,0.000000,0.000000,0,0,0,0
VP5.mp4,dfire_yolov8n,48,24.000,1280,720,61.6,0.336132,0.000000,1,0,0,0
VP5.mp4,soul,48,24.000,1280,720,55.1,0.000000,0.000000,0,0,0,0
VP5.mp4,pyronear,48,24.000,1280,720,302.6,0.000000,0.000000,0,0,0,0
VP5.mp4,dfine,50,25.000,1280,720,372.3,0.479312,0.000000,1,0,0,0
VP5.mp4,yolo,50,25.000,1280,720,852.9,0.000000,0.000000,0,0,0,0
VP5.mp4,dfire_yolov8n,50,25.000,1280,720,48.3,0.259419,0.000000,1,0,0,0
VP5.mp4,soul,50,25.000,1280,720,49.5,0.000000,0.000000,0,0,0,0
VP5.mp4,pyronear,50,25.000,1280,720,341.7,0.052066,0.000000,0,0,0,0
VP5.mp4,dfine,52,26.000,1280,720,463.0,0.442523,0.000000,1,0,0,0
VP5.mp4,yolo,52,26.000,1280,720,729.8,0.000000,0.000000,0,0,0,0
VP5.mp4,dfire_yolov8n,52,26.000,1280,720,43.5,0.175896,0.000000,0,0,0,0
VP5.mp4,soul,52,26.000,1280,720,44.0,0.000000,0.000000,0,0,0,0
VP5.mp4,pyronear,52,26.000,1280,720,287.8,0.000000,0.000000,0,0,0,0
VP5.mp4,dfine,54,27.000,1280,720,421.4,0.423272,0.000000,1,0,0,0
VP5.mp4,yolo,54,27.000,1280,720,655.1,0.000000,0.000000,0,0,0,0
VP5.mp4,dfire_yolov8n,54,27.000,1280,720,46.5,0.086997,0.000000,0,0,0,0
VP5.mp4,soul,54,27.000,1280,720,44.4,0.000000,0.000000,0,0,0,0
VP5.mp4,pyronear,54,27.000,1280,720,301.6,0.115625,0.000000,0,0,0,0
VP5.mp4,dfine,56,28.000,1280,720,365.0,0.420827,0.000000,1,0,0,0
VP5.mp4,yolo,56,28.000,1280,720,680.2,0.080580,0.000000,0,0,0,0
VP5.mp4,dfire_yolov8n,56,28.000,1280,720,51.0,0.066878,0.000000,0,0,0,0
VP5.mp4,soul,56,28.000,1280,720,41.5,0.000000,0.000000,0,0,0,0
VP5.mp4,pyronear,56,28.000,1280,720,263.1,0.109216,0.000000,0,0,0,0
VP5.mp4,dfine,58,29.000,1280,720,376.0,0.332745,0.056483,1,0,0,0
VP5.mp4,yolo,58,29.000,1280,720,773.4,0.000000,0.000000,0,0,0,0
VP5.mp4,dfire_yolov8n,58,29.000,1280,720,52.9,0.000000,0.000000,0,0,0,0
VP5.mp4,soul,58,29.000,1280,720,55.3,0.000000,0.000000,0,0,0,0
VP5.mp4,pyronear,58,29.000,1280,720,307.7,0.107917,0.000000,0,0,0,0
