clip,label,camera_id,model,threshold,frames,smoke_flagged_frames,flame_flagged_frames,smoke_any,smoke_two_consecutive,flame_any,median_cpu_ms
smoke_cam0_6.mp4,smoke,0,dfine,0.25,36,36,2,1,1,1,379.2
smoke_cam0_6.mp4,smoke,0,dfine,0.5,36,36,0,1,1,0,379.2
smoke_cam0_6.mp4,smoke,0,yolo,0.25,36,24,0,1,1,0,704.7
smoke_cam0_6.mp4,smoke,0,yolo,0.5,36,12,0,1,1,0,704.7
smoke_cam0_6.mp4,smoke,0,dfire_yolov8n,0.25,36,0,0,0,0,0,54.0
smoke_cam0_6.mp4,smoke,0,dfire_yolov8n,0.5,36,0,0,0,0,0,54.0
smoke_cam0_6.mp4,smoke,0,soul,0.25,36,0,0,0,0,0,55.5
smoke_cam0_6.mp4,smoke,0,soul,0.5,36,0,0,0,0,0,55.5
smoke_cam0_6.mp4,smoke,0,pyronear,0.25,36,0,0,0,0,0,320.9
smoke_cam0_6.mp4,smoke,0,pyronear,0.5,36,0,0,0,0,0,320.9
smoke_cam1_27021.mp4,smoke,1,dfine,0.25,36,36,0,1,1,0,377.8
smoke_cam1_27021.mp4,smoke,1,dfine,0.5,36,23,0,1,1,0,377.8
smoke_cam1_27021.mp4,smoke,1,yolo,0.25,36,0,0,0,0,0,694.4
smoke_cam1_27021.mp4,smoke,1,yolo,0.5,36,0,0,0,0,0,694.4
smoke_cam1_27021.mp4,smoke,1,dfire_yolov8n,0.25,36,2,0,1,1,0,53.7
smoke_cam1_27021.mp4,smoke,1,dfire_yolov8n,0.5,36,1,0,1,0,0,53.7
smoke_cam1_27021.mp4,smoke,1,soul,0.25,36,0,0,0,0,0,53.0
smoke_cam1_27021.mp4,smoke,1,soul,0.5,36,0,0,0,0,0,53.0
smoke_cam1_27021.mp4,smoke,1,pyronear,0.25,36,7,0,1,1,0,327.2
smoke_cam1_27021.mp4,smoke,1,pyronear,0.5,36,4,0,1,1,0,327.2
smoke_cam2_27714.mp4,smoke,2,dfine,0.25,36,36,25,1,1,1,382.1
smoke_cam2_27714.mp4,smoke,2,dfine,0.5,36,36,0,1,1,0,382.1
smoke_cam2_27714.mp4,smoke,2,yolo,0.25,36,9,0,1,1,0,698.1
smoke_cam2_27714.mp4,smoke,2,yolo,0.5,36,0,0,0,0,0,698.1
smoke_cam2_27714.mp4,smoke,2,dfire_yolov8n,0.25,36,3,35,1,0,1,51.6
smoke_cam2_27714.mp4,smoke,2,dfire_yolov8n,0.5,36,0,3,0,0,1,51.6
smoke_cam2_27714.mp4,smoke,2,soul,0.25,36,0,7,0,0,1,53.5
smoke_cam2_27714.mp4,smoke,2,soul,0.5,36,0,1,0,0,1,53.5
smoke_cam2_27714.mp4,smoke,2,pyronear,0.25,36,0,0,0,0,0,325.8
smoke_cam2_27714.mp4,smoke,2,pyronear,0.5,36,0,0,0,0,0,325.8
clear_cam0_648.mp4,clear,0,dfine,0.25,36,36,0,1,1,0,381.8
clear_cam0_648.mp4,clear,0,dfine,0.5,36,36,0,1,1,0,381.8
clear_cam0_648.mp4,clear,0,yolo,0.25,36,35,0,1,1,0,697.4
clear_cam0_648.mp4,clear,0,yolo,0.5,36,30,0,1,1,0,697.4
clear_cam0_648.mp4,clear,0,dfire_yolov8n,0.25,36,16,0,1,1,0,50.7
clear_cam0_648.mp4,clear,0,dfire_yolov8n,0.5,36,4,0,1,0,0,50.7
clear_cam0_648.mp4,clear,0,soul,0.25,36,0,0,0,0,0,52.0
clear_cam0_648.mp4,clear,0,soul,0.5,36,0,0,0,0,0,52.0
clear_cam0_648.mp4,clear,0,pyronear,0.25,36,9,0,1,1,0,320.4
clear_cam0_648.mp4,clear,0,pyronear,0.5,36,0,0,0,0,0,320.4
clear_cam1_26870.mp4,clear,1,dfine,0.25,36,36,0,1,1,0,381.1
clear_cam1_26870.mp4,clear,1,dfine,0.5,36,36,0,1,1,0,381.1
clear_cam1_26870.mp4,clear,1,yolo,0.25,36,36,0,1,1,0,700.0
clear_cam1_26870.mp4,clear,1,yolo,0.5,36,20,0,1,1,0,700.0
clear_cam1_26870.mp4,clear,1,dfire_yolov8n,0.25,36,36,0,1,1,0,52.2
clear_cam1_26870.mp4,clear,1,dfire_yolov8n,0.5,36,33,0,1,1,0,52.2
clear_cam1_26870.mp4,clear,1,soul,0.25,36,0,3,0,0,1,54.8
clear_cam1_26870.mp4,clear,1,soul,0.5,36,0,0,0,0,0,54.8
clear_cam1_26870.mp4,clear,1,pyronear,0.25,36,5,0,1,1,0,324.9
clear_cam1_26870.mp4,clear,1,pyronear,0.5,36,0,0,0,0,0,324.9
clear_cam2_28257.mp4,clear,2,dfine,0.25,36,12,0,1,1,0,383.5
clear_cam2_28257.mp4,clear,2,dfine,0.5,36,0,0,0,0,0,383.5
clear_cam2_28257.mp4,clear,2,yolo,0.25,36,0,0,0,0,0,695.1
clear_cam2_28257.mp4,clear,2,yolo,0.5,36,0,0,0,0,0,695.1
clear_cam2_28257.mp4,clear,2,dfire_yolov8n,0.25,36,0,0,0,0,0,51.7
clear_cam2_28257.mp4,clear,2,dfire_yolov8n,0.5,36,0,0,0,0,0,51.7
clear_cam2_28257.mp4,clear,2,soul,0.25,36,0,0,0,0,0,53.1
clear_cam2_28257.mp4,clear,2,soul,0.5,36,0,0,0,0,0,53.1
clear_cam2_28257.mp4,clear,2,pyronear,0.25,36,0,0,0,0,0,324.1
clear_cam2_28257.mp4,clear,2,pyronear,0.5,36,0,0,0,0,0,324.1
