clip,model,threshold,sampled_frames,flame_labeled_frames,first_label_s,first_model_flame_s,first_two_hit_flame_s,flame_hit_frames
barbecue,dfire_yolov8n,0.25,31,30,0.0,0.0,1.001,28
coolerbot,dfire_yolov8n,0.25,90,0,,6.006,7.007,0
hand_held_camera_wildfire,dfire_yolov8n,0.25,26,24,2.002,2.002,3.003,23
house1,dfire_yolov8n,0.25,30,25,5.005,19.019,20.02,11
non_fire_patrolbot_onboard,dfire_yolov8n,0.25,12,0,,,,0
barbecue,dfine,0.25,31,30,0.0,0.0,1.001,30
coolerbot,dfine,0.25,90,0,,15.015,,0
hand_held_camera_wildfire,dfine,0.25,26,24,2.002,2.002,3.003,24
house1,dfine,0.25,30,25,5.005,13.013,14.014,17
non_fire_patrolbot_onboard,dfine,0.25,12,0,,,,0
barbecue,yolo,0.25,31,30,0.0,0.0,1.001,29
coolerbot,yolo,0.25,90,0,,,,0
hand_held_camera_wildfire,yolo,0.25,26,24,2.002,2.002,3.003,24
house1,yolo,0.25,30,25,5.005,16.016,20.02,12
non_fire_patrolbot_onboard,yolo,0.25,12,0,,,,0
barbecue,soul,0.25,31,30,0.0,0.0,1.001,30
coolerbot,soul,0.25,90,0,,6.006,16.016,0
hand_held_camera_wildfire,soul,0.25,26,24,2.002,0.0,1.001,24
house1,soul,0.25,30,25,5.005,13.013,14.014,17
non_fire_patrolbot_onboard,soul,0.25,12,0,,9.009,10.01,0
barbecue,pyronear,0.25,31,30,0.0,,,0
coolerbot,pyronear,0.25,90,0,,,,0
hand_held_camera_wildfire,pyronear,0.25,26,24,2.002,,,0
house1,pyronear,0.25,30,25,5.005,,,0
non_fire_patrolbot_onboard,pyronear,0.25,12,0,,,,0
barbecue,dfire_yolov8n,0.5,31,30,0.0,0.0,1.001,24
coolerbot,dfire_yolov8n,0.5,90,0,,,,0
hand_held_camera_wildfire,dfire_yolov8n,0.5,26,24,2.002,2.002,3.003,21
house1,dfire_yolov8n,0.5,30,25,5.005,21.021,22.022,8
non_fire_patrolbot_onboard,dfire_yolov8n,0.5,12,0,,,,0
barbecue,dfine,0.5,31,30,0.0,0.0,1.001,30
coolerbot,dfine,0.5,90,0,,,,0
hand_held_camera_wildfire,dfine,0.5,26,24,2.002,2.002,3.003,24
house1,dfine,0.5,30,25,5.005,15.015,16.016,14
non_fire_patrolbot_onboard,dfine,0.5,12,0,,,,0
barbecue,yolo,0.5,31,30,0.0,0.0,1.001,23
coolerbot,yolo,0.5,90,0,,,,0
hand_held_camera_wildfire,yolo,0.5,26,24,2.002,2.002,3.003,24
house1,yolo,0.5,30,25,5.005,16.016,23.023,10
non_fire_patrolbot_onboard,yolo,0.5,12,0,,,,0
barbecue,soul,0.5,31,30,0.0,0.0,1.001,30
coolerbot,soul,0.5,90,0,,,,0
hand_held_camera_wildfire,soul,0.5,26,24,2.002,0.0,1.001,24
house1,soul,0.5,30,25,5.005,13.013,14.014,17
non_fire_patrolbot_onboard,soul,0.5,12,0,,,,0
barbecue,pyronear,0.5,31,30,0.0,,,0
coolerbot,pyronear,0.5,90,0,,,,0
hand_held_camera_wildfire,pyronear,0.5,26,24,2.002,,,0
house1,pyronear,0.5,30,25,5.005,,,0
non_fire_patrolbot_onboard,pyronear,0.5,12,0,,,,0
