source_frame,time_s,furg_flame_labeled,model_smoke,model_flame,max_smoke_score,max_flame_score,model_boxes
0,0.0,0,0,0,0,0,0
3,0.1,0,0,0,0,0,0
6,0.2,0,0,0,0,0,0
9,0.3,0,0,0,0,0,0
12,0.4,0,0,0,0,0,0
15,0.501,0,0,0,0,0,0
18,0.601,0,0,0,0,0,0
21,0.701,0,0,0,0,0,0
24,0.801,0,0,0,0,0,0
27,0.901,0,0,0,0,0,0
30,1.001,0,0,0,0,0,0
33,1.101,0,1,0,0.3107,0,1
36,1.201,0,0,0,0,0,0
39,1.301,1,0,0,0,0,0
42,1.401,1,1,0,0.441,0,1
45,1.502,1,0,0,0,0,0
48,1.602,1,0,0,0,0,0
51,1.702,1,0,0,0,0,0
54,1.802,1,0,0,0,0,0
57,1.902,1,0,0,0,0,0
60,2.002,1,1,1,0.5699,0.6765,2
63,2.102,1,1,1,0.5736,0.7769,3
66,2.202,1,1,1,0.8092,0.8222,2
69,2.302,1,1,1,0.6393,0.7346,2
72,2.402,1,1,1,0.8961,0.87,2
75,2.503,1,1,1,0.7958,0.8601,2
78,2.603,1,1,1,0.7674,0.8669,2
81,2.703,1,1,1,0.7477,0.8384,2
84,2.803,1,1,1,0.7553,0.8073,2
87,2.903,1,1,1,0.7104,0.7879,2
90,3.003,1,1,1,0.7616,0.8609,2
93,3.103,1,1,1,0.8114,0.8316,2
96,3.203,1,1,1,0.7386,0.8449,2
99,3.303,1,1,1,0.8509,0.8189,2
102,3.403,1,1,1,0.8254,0.7398,2
105,3.504,1,1,1,0.8439,0.7636,2
108,3.604,1,1,1,0.8494,0.7833,2
111,3.704,1,1,1,0.8223,0.857,2
114,3.804,1,1,1,0.7884,0.7765,2
117,3.904,1,1,1,0.8626,0.8386,2
120,4.004,1,1,1,0.8259,0.8575,2
123,4.104,1,1,1,0.7955,0.7141,2
126,4.204,1,1,1,0.8242,0.8148,2
129,4.304,1,1,1,0.7739,0.8037,2
132,4.404,1,1,1,0.7823,0.823,2
135,4.505,1,1,1,0.8014,0.813,2
138,4.605,1,1,1,0.7327,0.707,3
141,4.705,1,1,1,0.6538,0.8366,2
144,4.805,1,1,1,0.7956,0.8717,2
147,4.905,1,1,1,0.7793,0.8258,2
150,5.005,1,1,1,0.815,0.8384,2
153,5.105,1,1,1,0.8235,0.8614,2
156,5.205,1,1,1,0.7829,0.8035,2
159,5.305,1,1,1,0.7497,0.7529,2
162,5.405,1,1,1,0.792,0.8146,2
165,5.506,1,1,1,0.833,0.8615,2
168,5.606,1,1,1,0.8193,0.8588,2
171,5.706,1,1,1,0.8272,0.7654,2
174,5.806,1,1,1,0.8527,0.7677,2
177,5.906,1,1,1,0.8689,0.8233,2
180,6.006,1,1,1,0.862,0.8699,2
183,6.106,1,1,1,0.8368,0.8291,2
186,6.206,1,1,1,0.8362,0.8239,2
189,6.306,1,1,1,0.8456,0.8756,2
192,6.406,1,1,1,0.8827,0.8668,2
195,6.507,1,1,1,0.8463,0.8532,2
198,6.607,1,1,1,0.8371,0.844,2
201,6.707,1,1,1,0.875,0.8567,2
204,6.807,1,1,1,0.861,0.8669,2
207,6.907,1,1,1,0.8406,0.8296,2
210,7.007,1,1,1,0.8254,0.749,2
213,7.107,1,1,1,0.8226,0.8293,2
216,7.207,1,1,1,0.8345,0.8722,2
219,7.307,1,1,1,0.8128,0.8325,2
222,7.407,1,1,1,0.7739,0.8917,2
225,7.508,1,1,1,0.7573,0.8404,2
228,7.608,1,1,1,0.7473,0.8487,2
231,7.708,1,1,1,0.697,0.8768,2
234,7.808,1,1,1,0.7697,0.7769,2
237,7.908,1,1,1,0.8373,0.8622,2
240,8.008,1,1,1,0.8328,0.9035,2
243,8.108,1,1,1,0.8232,0.7802,2
246,8.208,1,1,1,0.8417,0.8363,2
249,8.308,1,1,1,0.8401,0.8162,2
252,8.408,1,1,1,0.8211,0.8619,2
255,8.509,1,1,1,0.8288,0.8397,2
258,8.609,1,1,1,0.8582,0.8116,2
261,8.709,1,1,1,0.8585,0.8406,2
264,8.809,1,1,1,0.8301,0.8134,2
267,8.909,1,1,1,0.8454,0.8359,2
270,9.009,1,1,1,0.8403,0.8172,2
273,9.109,1,1,1,0.8063,0.8842,2
276,9.209,1,1,1,0.8865,0.8818,2
279,9.309,1,1,1,0.8905,0.8698,2
282,9.409,1,1,1,0.8769,0.8563,2
285,9.51,1,1,1,0.8811,0.8429,2
288,9.61,1,1,1,0.8802,0.8878,2
291,9.71,1,1,1,0.8473,0.8817,2
294,9.81,1,1,1,0.8636,0.8428,2
297,9.91,1,1,1,0.8527,0.8093,2
300,10.01,1,1,1,0.8357,0.8384,2
303,10.11,1,1,1,0.839,0.8034,2
306,10.21,1,1,1,0.6702,0.8096,2
309,10.31,1,1,1,0.7878,0.7796,2
312,10.41,1,1,1,0.5081,0.792,2
315,10.511,1,1,1,0.654,0.256,2
318,10.611,1,1,1,0.4281,0.7333,2
321,10.711,1,1,1,0.5493,0.5102,3
324,10.811,1,0,1,0,0.3585,1
327,10.911,1,0,0,0,0,0
330,11.011,1,1,1,0.3611,0.2753,2
333,11.111,1,1,1,0.2679,0.2884,2
336,11.211,1,0,1,0,0.3287,1
339,11.311,1,1,1,0.5284,0.2781,3
342,11.411,1,1,1,0.4427,0.4641,2
345,11.512,1,1,1,0.7258,0.3236,2
348,11.612,1,1,0,0.6015,0,2
351,11.712,1,1,1,0.4631,0.612,2
354,11.812,1,1,1,0.5954,0.2796,2
357,11.912,1,1,1,0.3848,0.3416,4
360,12.012,1,1,1,0.6126,0.4505,2
363,12.112,1,0,1,0,0.3142,1
366,12.212,1,1,1,0.5803,0.2704,2
369,12.312,1,1,1,0.7874,0.7359,3
372,12.412,1,1,1,0.8184,0.6335,3
375,12.513,1,1,1,0.6739,0.4562,4
378,12.613,1,1,1,0.8556,0.4866,3
381,12.713,1,1,1,0.7549,0.3524,3
384,12.813,1,1,1,0.7735,0.7844,2
387,12.913,1,1,1,0.7207,0.755,2
390,13.013,1,1,1,0.7616,0.8101,3
393,13.113,1,1,1,0.6334,0.8416,2
396,13.213,1,1,1,0.8671,0.8318,3
399,13.313,1,1,1,0.9079,0.8427,2
402,13.413,1,1,1,0.8819,0.8438,3
405,13.514,1,1,1,0.7424,0.8297,2
408,13.614,1,1,1,0.5697,0.8756,2
411,13.714,1,1,1,0.6499,0.89,3
414,13.814,1,1,1,0.6778,0.8083,2
417,13.914,1,1,1,0.565,0.8048,2
420,14.014,1,1,1,0.4454,0.8214,2
423,14.114,1,1,1,0.7104,0.8317,2
426,14.214,1,1,1,0.7102,0.8643,2
429,14.314,1,1,1,0.3549,0.8222,2
432,14.414,1,1,1,0.5881,0.8094,2
435,14.515,1,1,1,0.7367,0.8791,2
438,14.615,1,1,1,0.6593,0.8447,2
441,14.715,1,1,1,0.7144,0.8534,2
444,14.815,1,1,1,0.7459,0.8253,2
447,14.915,1,1,1,0.6378,0.8331,2
450,15.015,1,1,1,0.5787,0.8612,2
453,15.115,1,1,1,0.5813,0.8673,2
456,15.215,1,1,1,0.5549,0.8354,2
459,15.315,1,1,1,0.4928,0.8845,2
462,15.415,1,1,1,0.6107,0.8778,2
465,15.516,1,1,1,0.5602,0.8752,2
468,15.616,1,1,1,0.5599,0.8262,2
471,15.716,1,1,1,0.6486,0.8871,2
474,15.816,1,1,1,0.5329,0.8556,3
477,15.916,1,1,1,0.5914,0.8726,2
480,16.016,1,1,1,0.6016,0.8505,2
483,16.116,1,1,1,0.6131,0.8285,2
486,16.216,1,1,1,0.798,0.5468,3
489,16.316,1,1,1,0.2973,0.5192,3
492,16.416,1,0,0,0,0,0
495,16.517,1,0,0,0,0,0
498,16.617,1,0,0,0,0,0
501,16.717,1,0,0,0,0,0
504,16.817,1,0,0,0,0,0
507,16.917,1,0,0,0,0,0
510,17.017,1,0,0,0,0,0
513,17.117,1,0,0,0,0,0
516,17.217,1,0,0,0,0,0
519,17.317,1,0,0,0,0,0
522,17.417,1,0,0,0,0,0
525,17.518,1,0,0,0,0,0
528,17.618,1,1,1,0.3059,0.4863,2
531,17.718,1,1,1,0.3336,0.3535,2
534,17.818,1,0,1,0,0.6323,1
537,17.918,1,1,1,0.3843,0.7851,3
540,18.018,1,1,1,0.4646,0.8264,2
543,18.118,1,0,1,0,0.7215,1
546,18.218,1,0,1,0,0.4547,1
549,18.318,1,1,1,0.3679,0.849,3
552,18.418,1,1,1,0.7252,0.8606,3
555,18.519,1,1,1,0.685,0.856,3
558,18.619,1,1,1,0.3877,0.8696,3
561,18.719,1,1,1,0.4608,0.9134,2
564,18.819,1,1,1,0.5985,0.9243,2
567,18.919,1,1,1,0.4255,0.843,2
570,19.019,1,1,1,0.5828,0.8857,2
573,19.119,1,1,1,0.7551,0.9033,2
576,19.219,1,1,1,0.7573,0.8713,2
579,19.319,1,1,1,0.6529,0.8898,2
582,19.419,1,1,1,0.7453,0.8857,2
585,19.52,1,1,1,0.5316,0.8665,2
588,19.62,1,1,1,0.4466,0.8841,2
591,19.72,1,1,1,0.3832,0.8165,2
594,19.82,1,1,1,0.3084,0.8656,2
597,19.92,1,1,1,0.3503,0.8595,2
600,20.02,1,1,1,0.402,0.8576,2
603,20.12,1,1,1,0.5129,0.8802,2
606,20.22,1,1,1,0.3158,0.884,2
609,20.32,1,0,1,0,0.8727,1
612,20.42,1,1,1,0.3844,0.7971,2
615,20.521,1,1,1,0.4477,0.829,2
618,20.621,1,1,1,0.371,0.7831,2
621,20.721,1,1,1,0.2988,0.8617,2
624,20.821,1,1,1,0.5878,0.8647,2
627,20.921,1,1,1,0.532,0.8424,3
630,21.021,1,1,1,0.5905,0.8126,2
633,21.121,1,1,1,0.3559,0.8778,2
636,21.221,1,1,1,0.3655,0.886,2
639,21.321,1,1,1,0.3837,0.845,2
642,21.421,1,1,1,0.2703,0.9083,2
645,21.522,1,0,1,0,0.8766,1
648,21.622,1,0,1,0,0.8797,1
651,21.722,1,0,1,0,0.8731,1
654,21.822,1,0,1,0,0.875,1
657,21.922,1,1,1,0.3311,0.8686,2
660,22.022,1,1,1,0.6646,0.9021,2
663,22.122,1,1,1,0.6132,0.8384,2
666,22.222,1,1,1,0.58,0.9095,2
669,22.322,1,1,1,0.3246,0.8688,2
672,22.422,1,1,1,0.689,0.8955,2
675,22.523,1,1,1,0.6944,0.9076,2
678,22.623,1,1,1,0.61,0.8895,2
681,22.723,1,1,1,0.6961,0.8106,2
684,22.823,1,1,1,0.7099,0.887,2
687,22.923,1,1,1,0.637,0.907,2
690,23.023,1,1,1,0.6037,0.8752,2
693,23.123,1,1,1,0.4017,0.8669,2
696,23.223,1,1,1,0.4515,0.8765,2
699,23.323,1,1,1,0.6222,0.9151,2
702,23.423,1,1,1,0.6817,0.8835,2
705,23.524,1,1,1,0.5488,0.9089,2
708,23.624,1,1,1,0.5104,0.8849,2
711,23.724,1,1,1,0.6219,0.8901,2
714,23.824,1,1,1,0.688,0.7723,2
717,23.924,1,1,1,0.4949,0.8666,2
720,24.024,1,1,1,0.6068,0.8627,2
723,24.124,1,1,1,0.5054,0.8877,2
726,24.224,1,1,1,0.3886,0.8352,2
729,24.324,1,1,1,0.6747,0.9,2
732,24.424,1,1,1,0.5855,0.9056,2
735,24.525,1,1,1,0.4713,0.9008,2
738,24.625,1,1,1,0.5573,0.8098,2
741,24.725,1,1,1,0.5646,0.8653,2
744,24.825,1,1,1,0.4782,0.9324,2
747,24.925,1,1,1,0.3908,0.8797,2
750,25.025,1,1,1,0.5842,0.8726,2
753,25.125,1,1,1,0.4876,0.8651,2
756,25.225,1,1,1,0.618,0.8756,2
759,25.325,1,1,1,0.3878,0.8299,2
762,25.425,1,1,1,0.5109,0.808,2
765,25.526,1,0,1,0,0.8561,2
768,25.626,1,1,1,0.4269,0.7917,3
771,25.726,1,1,1,0.3551,0.8819,2
